gbif_id,taxon_name,decimal_latitude,decimal_longitude
2244185812,Rubia_peregrina_subsp._longifolia,37.32056,22.56111
2244186982,Rubia_peregrina_subsp._longifolia,37.31028,22.69722
2244187130,Rubia_peregrina_subsp._longifolia,36.949718,22.436939
2244186275,Rubia_peregrina_subsp._longifolia,36.93222,22.460279
2244184883,Rubia_peregrina_subsp._longifolia,36.967781,22.390829
2244187363,Rubia_peregrina_subsp._longifolia,37.091942,22.35083
2244184649,Rubia_peregrina_subsp._longifolia,37.939442,22.341391
1935719101,Rubia_peregrina_subsp._longifolia,45.09333,13.72194
1844883255,Rubia_peregrina_subsp._longifolia,40.783611,24.14167
1935719091,Rubia_peregrina_subsp._longifolia,45.54869,12.76973
1839070744,Rubia_peregrina_subsp._longifolia,39.18861,20.53278
1839070685,Rubia_peregrina_subsp._longifolia,39.125561,20.59889
1839070656,Rubia_peregrina_subsp._longifolia,38.680561,20.61417
1839070573,Rubia_peregrina_subsp._longifolia,38.805,20.715
1839070637,Rubia_peregrina_subsp._longifolia,39.0425,21.11833
1839070671,Rubia_peregrina_subsp._longifolia,39.135281,21.09639
1949960673,Rubia_peregrina_subsp._longifolia,37.737222,15.099444
2235670752,Rubia_peregrina_subsp._longifolia,37.037,-4.793
1265270903,Rubia_peregrina_subsp._longifolia,36.84892,-4.85551
1229656678,Rubia_peregrina_subsp._longifolia,42.59,-2.77
1831527504,Rubia_peregrina_subsp._longifolia,36.80167,11.02778
1831527423,Rubia_peregrina_subsp._longifolia,36.6075,10.32194
1851349881,Rubia_peregrina_subsp._longifolia,36.772,-4.429
1584384413,Rubia_peregrina_subsp._longifolia,37.71369,20.86538
1424509519,Rubia_peregrina_subsp._longifolia,49.5975,-1.834167
1842877961,Rubia_peregrina_subsp._longifolia,36.781,-4.429
1229657595,Rubia_peregrina_subsp._longifolia,36.78,-4.42
1702510206,Rubia_peregrina_subsp._longifolia,36.77,-4.43
1229657407,Rubia_peregrina_subsp._longifolia,39.39,-8.92
1935718962,Rubia_peregrina_subsp._longifolia,44.50653,14.30536
1842889068,Rubia_peregrina_subsp._longifolia,40.945,0.571
1265138399,Rubia_peregrina_subsp._longifolia,39.5550097776813,2.89999752478027
1096900454,Rubia_peregrina_subsp._longifolia,37.09,22.23
1839068362,Rubia_peregrina_subsp._longifolia,38.505001,21.69611
1839068343,Rubia_peregrina_subsp._longifolia,38.578892,21.66139
1701546474,Rubia_peregrina_subsp._longifolia,39.91056,4.28528
1839068277,Rubia_peregrina_subsp._longifolia,38.66972,21.48444
1839068297,Rubia_peregrina_subsp._longifolia,38.490002,21.67444
1839068288,Rubia_peregrina_subsp._longifolia,38.495281,21.618891
1839068315,Rubia_peregrina_subsp._longifolia,38.57111,21.61611
1839068310,Rubia_peregrina_subsp._longifolia,38.585281,21.637779
1099345312,Rubia_peregrina_subsp._longifolia,36.577998,-5.22253
781077606,Rubia_peregrina_subsp._longifolia,36.70803,-4.61757
895230684,Rubia_peregrina_subsp._longifolia,40.094,0.003
781077609,Rubia_peregrina_subsp._longifolia,36.68805,-4.64494
1936268097,Rubia_peregrina_subsp._longifolia,39.061111,1.382222
1936276012,Rubia_peregrina_subsp._longifolia,39.515556,-8.699444
781077616,Rubia_peregrina_subsp._longifolia,36.70831,-4.61042
895226506,Rubia_peregrina_subsp._longifolia,39.51,-8.69
781077625,Rubia_peregrina_subsp._longifolia,36.70829,-4.58766
895220683,Rubia_peregrina_subsp._longifolia,39.551,-0.655
781077594,Rubia_peregrina_subsp._longifolia,36.727,-4.405
1830997004,Rubia_peregrina_subsp._longifolia,38.07355,20.77197
1839068431,Rubia_peregrina_subsp._longifolia,38.216389,24.201111
1839068426,Rubia_peregrina_subsp._longifolia,38.448608,24.115829
781077592,Rubia_peregrina_subsp._longifolia,36.5725,-5.24589
1657201168,Rubia_peregrina_subsp._longifolia,42.02542,19.15611
1935719019,Rubia_peregrina_subsp._longifolia,45.06847,13.63572
860313438,Rubia_peregrina_subsp._longifolia,41.32,2.1
1936216266,Rubia_peregrina_subsp._longifolia,38.2231,-0.5142
415623170,Rubia_peregrina_subsp._longifolia,36.48711,-4.74671
1839068634,Rubia_peregrina_subsp._longifolia,38.238609,21.99
895228318,Rubia_peregrina_subsp._longifolia,39.541,-0.609
1936231386,Rubia_peregrina_subsp._longifolia,42.0472,3.5217
1839068569,Rubia_peregrina_subsp._longifolia,38.12722,22.213329
1839068619,Rubia_peregrina_subsp._longifolia,38.446941,22.86861
1839068588,Rubia_peregrina_subsp._longifolia,37.69833,22.198891
1839068433,Rubia_peregrina_subsp._longifolia,37.74028,21.97444
1936234607,Rubia_peregrina_subsp._longifolia,41.5336,-6.4781
1936234953,Rubia_peregrina_subsp._longifolia,41.756111,-7.1675
1839068537,Rubia_peregrina_subsp._longifolia,37.631939,21.964439
781077622,Rubia_peregrina_subsp._longifolia,36.989,-4.32
1839068418,Rubia_peregrina_subsp._longifolia,37.686939,22.004721
415623171,Rubia_peregrina_subsp._longifolia,36.09502,-5.80187
1936234996,Rubia_peregrina_subsp._longifolia,42.7969,-2.9861
574964147,Rubia_peregrina_subsp._longifolia,52.0175,-9.522778
1936208828,Rubia_peregrina_subsp._longifolia,36.4879,8.3081
1701164866,Rubia_peregrina_subsp._longifolia,43.387815,10.596393
1701165550,Rubia_peregrina_subsp._longifolia,43.418509,10.590327
1701166369,Rubia_peregrina_subsp._longifolia,43.364099,10.601573
1701165530,Rubia_peregrina_subsp._longifolia,43.437168,10.612357
1501115824,Rubia_peregrina_subsp._longifolia,39.51,-0.44
1701164922,Rubia_peregrina_subsp._longifolia,43.413627,10.603049
232592200,Rubia_peregrina_subsp._longifolia,37.736,-1.564
1701164901,Rubia_peregrina_subsp._longifolia,43.41774,10.608358
415623152,Rubia_peregrina_subsp._longifolia,36.4734,-5.2775
1638424024,Rubia_peregrina_subsp._longifolia,42.00833,19.15528
1050649136,Rubia_peregrina_subsp._longifolia,42.84,-2.6
728981088,Rubia_peregrina_subsp._longifolia,51.591477,6.058233
1701166331,Rubia_peregrina_subsp._longifolia,43.586714,10.481141
232592123,Rubia_peregrina_subsp._longifolia,38.112,-1.375
415623116,Rubia_peregrina_subsp._longifolia,36.31109,-5.2574
232592128,Rubia_peregrina_subsp._longifolia,38.112,-1.386
232592158,Rubia_peregrina_subsp._longifolia,38.327,-2.01
1501121232,Rubia_peregrina_subsp._longifolia,39.61,-0.9
895208118,Rubia_peregrina_subsp._longifolia,39.619,-0.909
1851367707,Rubia_peregrina_subsp._longifolia,42.45583,-6.4768
415623127,Rubia_peregrina_subsp._longifolia,37.214,-4.426
1144765418,Rubia_peregrina_subsp._longifolia,42.68333,9.06667
1851392881,Rubia_peregrina_subsp._longifolia,41.56,-6.06
895199197,Rubia_peregrina_subsp._longifolia,39.784,-0.192
1501122018,Rubia_peregrina_subsp._longifolia,39.78,-0.19
1936666981,Rubia_peregrina_subsp._longifolia,37.4956,-1.4456
1701164902,Rubia_peregrina_subsp._longifolia,43.738834,10.527468
1501119933,Rubia_peregrina_subsp._longifolia,39.61,-0.92
788819999,Rubia_peregrina_subsp._longifolia,37.766667,26.683333
1839068633,Rubia_peregrina_subsp._longifolia,39.01944,21.554171
199500733,Rubia_peregrina_subsp._longifolia,36.567,-5.397
1212178724,Rubia_peregrina_subsp._longifolia,39.019444,21.554167
1936206388,Rubia_peregrina_subsp._longifolia,41.7887,-4.7463
1576193615,Rubia_peregrina_subsp._longifolia,40.319109,-4.566745
1936687973,Rubia_peregrina_subsp._longifolia,37.3604,-1.6575
30674772,Rubia_peregrina_subsp._longifolia,37.200001,-1.9
127206258,Rubia_peregrina_subsp._longifolia,37.73,-4.92
895204457,Rubia_peregrina_subsp._longifolia,39.372,-0.324
1936254809,Rubia_peregrina_subsp._longifolia,33.222,-5.3563
895230944,Rubia_peregrina_subsp._longifolia,41.098,-1.613
895232753,Rubia_peregrina_subsp._longifolia,39.672,-0.861
912457310,Rubia_peregrina_subsp._longifolia,33.22,-5.36
895229572,Rubia_peregrina_subsp._longifolia,43.41881,-4.84927
211636348,Rubia_peregrina_subsp._longifolia,43.349998,-5.88
932707565,Rubia_peregrina_subsp._longifolia,43.73321,-7.94598
1050642501,Rubia_peregrina_subsp._longifolia,43.24,-3.09
1265138416,Rubia_peregrina_subsp._longifolia,39.1630633738918,2.94685676085262
1842864430,Rubia_peregrina_subsp._longifolia,37.286177,-2.015384
198470550,Rubia_peregrina_subsp._longifolia,37.389999,-1.71
199500645,Rubia_peregrina_subsp._longifolia,36.846,-4.273
1701166240,Rubia_peregrina_subsp._longifolia,42.7785,10.2044
1671672906,Rubia_peregrina_subsp._longifolia,44.134972,9.95062
1671672809,Rubia_peregrina_subsp._longifolia,44.323023,9.61728
1050651051,Rubia_peregrina_subsp._longifolia,43.29,-3.96
1936649233,Rubia_peregrina_subsp._longifolia,42.4725,1.4994
1050641032,Rubia_peregrina_subsp._longifolia,42.81,-2.72
1212177501,Rubia_peregrina_subsp._longifolia,37.963333,22.572222
1212177521,Rubia_peregrina_subsp._longifolia,38.128611,22.217222
1839068631,Rubia_peregrina_subsp._longifolia,38.128609,22.21722
1839068737,Rubia_peregrina_subsp._longifolia,37.963329,22.57222
1212177509,Rubia_peregrina_subsp._longifolia,39.023056,23.305278
1839068533,Rubia_peregrina_subsp._longifolia,38.858059,23.41333
1839068590,Rubia_peregrina_subsp._longifolia,38.388611,24.096939
1839068488,Rubia_peregrina_subsp._longifolia,39.02306,23.305281
1212177782,Rubia_peregrina_subsp._longifolia,38.858056,23.413333
1212177799,Rubia_peregrina_subsp._longifolia,38.388611,24.096944
415623145,Rubia_peregrina_subsp._longifolia,36.7335,-4.12048
788744123,Rubia_peregrina_subsp._longifolia,38.133333,20.783333
1851357717,Rubia_peregrina_subsp._longifolia,42.445,-6.805
30674716,Rubia_peregrina_subsp._longifolia,37.360001,-2.47
1851579770,Rubia_peregrina_subsp._longifolia,39.14,2.92
1060490304,Rubia_peregrina_subsp._longifolia,53.133335,-9.233334
1851575655,Rubia_peregrina_subsp._longifolia,38.54,-0.9
895232413,Rubia_peregrina_subsp._longifolia,39.699,-0.871
199500633,Rubia_peregrina_subsp._longifolia,37.861,-5.563
895232542,Rubia_peregrina_subsp._longifolia,39.842,-0.785
1050637015,Rubia_peregrina_subsp._longifolia,42.86,-2.65
1936200976,Rubia_peregrina_subsp._longifolia,37.8546,-5.57
1265138437,Rubia_peregrina_subsp._longifolia,39.1405288158789,2.93530187901428
232591727,Rubia_peregrina_subsp._longifolia,37.649,-1.827
30674681,Rubia_peregrina_subsp._longifolia,37.200001,-2.03
199500652,Rubia_peregrina_subsp._longifolia,35.69,-2.45
932705518,Rubia_peregrina_subsp._longifolia,42.22174,-8.10477
199500593,Rubia_peregrina_subsp._longifolia,36.719,-4.316
199500548,Rubia_peregrina_subsp._longifolia,36.777,-3.88
199500547,Rubia_peregrina_subsp._longifolia,36.786,-3.846
232591728,Rubia_peregrina_subsp._longifolia,37.429,-1.491
788822800,Rubia_peregrina_subsp._longifolia,37.733333,20.95
1851356591,Rubia_peregrina_subsp._longifolia,42.454,-6.817
199500550,Rubia_peregrina_subsp._longifolia,36.867,-3.959
199500540,Rubia_peregrina_subsp._longifolia,36.787,-3.79
199500549,Rubia_peregrina_subsp._longifolia,36.884,-4.094
199500545,Rubia_peregrina_subsp._longifolia,36.85,-3.746
1936198746,Rubia_peregrina_subsp._longifolia,40.3096,-0.2359
199500543,Rubia_peregrina_subsp._longifolia,36.859,-3.735
1851362614,Rubia_peregrina_subsp._longifolia,42.62088,-5.52702
199500546,Rubia_peregrina_subsp._longifolia,36.876,-3.926
1936627278,Rubia_peregrina_subsp._longifolia,39.6914,9.4575
30676083,Rubia_peregrina_subsp._longifolia,37.52,-1.92
932704106,Rubia_peregrina_subsp._longifolia,43.65327,-8.07138
895189456,Rubia_peregrina_subsp._longifolia,39.6833,9.45
199500542,Rubia_peregrina_subsp._longifolia,36.938,-4.084
199500544,Rubia_peregrina_subsp._longifolia,36.823,-3.723
1936198342,Rubia_peregrina_subsp._longifolia,40.6839,0.1056
895301555,Rubia_peregrina_subsp._longifolia,40.041,9.662
199500541,Rubia_peregrina_subsp._longifolia,36.93,-3.96
895232290,Rubia_peregrina_subsp._longifolia,39.71,-0.976
1936610841,Rubia_peregrina_subsp._longifolia,36.7394,-3.7681
30674762,Rubia_peregrina_subsp._longifolia,37.389999,-1.94
19796953,Rubia_peregrina_subsp._longifolia,46.5671,4.90051
1851364765,Rubia_peregrina_subsp._longifolia,42.29,-5.49
1936617154,Rubia_peregrina_subsp._longifolia,42.2333,13.95
895187789,Rubia_peregrina_subsp._longifolia,42.23,13.95
895219993,Rubia_peregrina_subsp._longifolia,39.53,-0.516
30674749,Rubia_peregrina_subsp._longifolia,37.43,-2.04
1851379679,Rubia_peregrina_subsp._longifolia,42.7209,-6.5775
1837476189,Rubia_peregrina_subsp._longifolia,44.076613,8.194969
1584381526,Rubia_peregrina_subsp._longifolia,36.84083,-2.47
1851586434,Rubia_peregrina_subsp._longifolia,38.86,-0.06
895164094,Rubia_peregrina_subsp._longifolia,38.782,0.128
199500463,Rubia_peregrina_subsp._longifolia,36.524,-5.273
1501100831,Rubia_peregrina_subsp._longifolia,38.78,0.12
895153063,Rubia_peregrina_subsp._longifolia,41.246,0.321
1701546659,Rubia_peregrina_subsp._longifolia,43.88222,11.23167
1935718594,Rubia_peregrina_subsp._longifolia,44.23306,9.51194
127206240,Rubia_peregrina_subsp._longifolia,37.310001,-4.47
1837476032,Rubia_peregrina_subsp._longifolia,44.069592,8.051411
1936608505,Rubia_peregrina_subsp._longifolia,37.28694,-8.57264
1851579806,Rubia_peregrina_subsp._longifolia,37.07,-8.8
1837476108,Rubia_peregrina_subsp._longifolia,44.130383,8.115506
1699957242,Rubia_peregrina_subsp._longifolia,40.477687,9.809235
1699957204,Rubia_peregrina_subsp._longifolia,40.969471,8.20733
232591735,Rubia_peregrina_subsp._longifolia,38.7,-1.33
1831527457,Rubia_peregrina_subsp._longifolia,36.80139,11.99306
1502065205,Rubia_peregrina_subsp._longifolia,38.8,0.19
1795863537,Rubia_peregrina_subsp._longifolia,42.640884,-2.280168
1936568413,Rubia_peregrina_subsp._longifolia,37.3495,-3.5658
19788306,Rubia_peregrina_subsp._longifolia,48.4537,1.50655
1701166289,Rubia_peregrina_subsp._longifolia,43.76122,10.446342
1050627414,Rubia_peregrina_subsp._longifolia,41.77,-1.75
1638423376,Rubia_peregrina_subsp._longifolia,44.45,4.35
1837475848,Rubia_peregrina_subsp._longifolia,44.030476,8.142433
1701164741,Rubia_peregrina_subsp._longifolia,42.252801,11.100882
1851573902,Rubia_peregrina_subsp._longifolia,39.47,3.14
199500433,Rubia_peregrina_subsp._longifolia,36.401,-5.57
31964532,Rubia_peregrina_subsp._longifolia,36.744,-3.386
1699957213,Rubia_peregrina_subsp._longifolia,40.856617,8.279684
1502043469,Rubia_peregrina_subsp._longifolia,38.42,-0.42
1851573997,Rubia_peregrina_subsp._longifolia,38.35,-0.4
1671672310,Rubia_peregrina_subsp._longifolia,44.11368,9.736989
1671672274,Rubia_peregrina_subsp._longifolia,44.092897,9.738904
1144765441,Rubia_peregrina_subsp._longifolia,41.51667,9.2
1936550725,Rubia_peregrina_subsp._longifolia,40.65,0.266667
1936667458,Rubia_peregrina_subsp._longifolia,42.0169,-3.5448
1851363391,Rubia_peregrina_subsp._longifolia,42.824,-8.272
1851575119,Rubia_peregrina_subsp._longifolia,42.82,-8.27
1936608198,Rubia_peregrina_subsp._longifolia,42.8173,-8.2797
1936549432,Rubia_peregrina_subsp._longifolia,40.1948,3.9387
1928188634,Rubia_peregrina_subsp._longifolia,44.1,9.73
30887382,Rubia_peregrina_subsp._longifolia,37.400002,-4.36
232591730,Rubia_peregrina_subsp._longifolia,37.604,-1.159
127206205,Rubia_peregrina_subsp._longifolia,36.580002,-4.68
1936642189,Rubia_peregrina_subsp._longifolia,43.1676,-4.6744
1851573147,Rubia_peregrina_subsp._longifolia,38.45,-0.59
1839065099,Rubia_peregrina_subsp._longifolia,36.645561,22.88306
232591731,Rubia_peregrina_subsp._longifolia,37.622,-1.159
1936671681,Rubia_peregrina_subsp._longifolia,41.3183,-4.208
1851573230,Rubia_peregrina_subsp._longifolia,38.47,-0.61
1501111178,Rubia_peregrina_subsp._longifolia,38.82,-0.19
895248638,Rubia_peregrina_subsp._longifolia,38.829,-0.195
788813031,Rubia_peregrina_subsp._longifolia,38.133333,20.766667
895174156,Rubia_peregrina_subsp._longifolia,39.97,-2.24
1502060727,Rubia_peregrina_subsp._longifolia,38.12,-0.63
1936629227,Rubia_peregrina_subsp._longifolia,38.6098,-4.6666
895248815,Rubia_peregrina_subsp._longifolia,38.857,-0.24
1851331385,Rubia_peregrina_subsp._longifolia,42.4891,-6.6887
1671672207,Rubia_peregrina_subsp._longifolia,44.092608,9.77173
1936542433,Rubia_peregrina_subsp._longifolia,39.5588,2.8825
895152670,Rubia_peregrina_subsp._longifolia,39.565,2.889
1501111356,Rubia_peregrina_subsp._longifolia,38.85,-0.24
1851573862,Rubia_peregrina_subsp._longifolia,38.24,-0.51
1936667789,Rubia_peregrina_subsp._longifolia,42.053,-3.5089
1671672237,Rubia_peregrina_subsp._longifolia,44.148144,9.642951
1671672214,Rubia_peregrina_subsp._longifolia,44.099732,9.73815
895145034,Rubia_peregrina_subsp._longifolia,40.171,-1.056
1671672202,Rubia_peregrina_subsp._longifolia,44.096832,9.752733
317872139,Rubia_peregrina_subsp._longifolia,43.933333,7.95
1502014231,Rubia_peregrina_subsp._longifolia,39.76,-0.14
1671672256,Rubia_peregrina_subsp._longifolia,44.087855,9.762375
895174263,Rubia_peregrina_subsp._longifolia,39.88,-2.47
895144261,Rubia_peregrina_subsp._longifolia,40.036,-1.107
1501119325,Rubia_peregrina_subsp._longifolia,40.03,-1.09
1851574103,Rubia_peregrina_subsp._longifolia,38.48,-0.44
1851573882,Rubia_peregrina_subsp._longifolia,38.31,-0.52
1502064193,Rubia_peregrina_subsp._longifolia,38.35,-0.59
1795864173,Rubia_peregrina_subsp._longifolia,42.640274,-2.274722
1795864093,Rubia_peregrina_subsp._longifolia,42.640757,-2.278535
1701166484,Rubia_peregrina_subsp._longifolia,42.580947,10.075458
127206191,Rubia_peregrina_subsp._longifolia,36.939999,-4.8
1502061391,Rubia_peregrina_subsp._longifolia,37.92,-0.71
164183465,Rubia_peregrina_subsp._longifolia,37.84,-4.93
127206200,Rubia_peregrina_subsp._longifolia,39.57,2.53
1701546930,Rubia_peregrina_subsp._longifolia,36.865,10.73
895143912,Rubia_peregrina_subsp._longifolia,39.783,-0.542
1501094293,Rubia_peregrina_subsp._longifolia,39.78,-0.54
1851571698,Rubia_peregrina_subsp._longifolia,36.75,-3.24
1501107805,Rubia_peregrina_subsp._longifolia,38.73,0.21
1851356585,Rubia_peregrina_subsp._longifolia,42.798,-5.097
127206213,Rubia_peregrina_subsp._longifolia,37.68,-3.45
1501114118,Rubia_peregrina_subsp._longifolia,39.19,-0.21
1851573196,Rubia_peregrina_subsp._longifolia,41.33,-6.43
1851572330,Rubia_peregrina_subsp._longifolia,38.46,-0.57
1851572324,Rubia_peregrina_subsp._longifolia,38.32,-0.55
1231081492,Rubia_peregrina_subsp._longifolia,36.83333,11.95
1936521760,Rubia_peregrina_subsp._longifolia,38.43,-5.1894
127206196,Rubia_peregrina_subsp._longifolia,36.849998,-4.79
895174665,Rubia_peregrina_subsp._longifolia,39.97,-2.71
1501064145,Rubia_peregrina_subsp._longifolia,39.9,-0.33
1936521721,Rubia_peregrina_subsp._longifolia,38.425,-4.3187
1936230762,Rubia_peregrina_subsp._longifolia,40.6988,-3.6134
199500406,Rubia_peregrina_subsp._longifolia,36.691,-5.054
30675534,Rubia_peregrina_subsp._longifolia,36.87,-2.714
895143899,Rubia_peregrina_subsp._longifolia,39.904,-0.339
1851573275,Rubia_peregrina_subsp._longifolia,41.64,-1.7
127206195,Rubia_peregrina_subsp._longifolia,36.669998,-5.01
1936642018,Rubia_peregrina_subsp._longifolia,43.2059,-3.4814
1501125160,Rubia_peregrina_subsp._longifolia,39.56,-0.65
895170160,Rubia_peregrina_subsp._longifolia,39.632,-0.687
1851569728,Rubia_peregrina_subsp._longifolia,38.68,0.15
1851571254,Rubia_peregrina_subsp._longifolia,37,-8.94
1851571144,Rubia_peregrina_subsp._longifolia,37.36,-8.83
1502061308,Rubia_peregrina_subsp._longifolia,37.9,-0.78
30675524,Rubia_peregrina_subsp._longifolia,36.69,-2.737
1851571633,Rubia_peregrina_subsp._longifolia,38.95,1.52
1851389137,Rubia_peregrina_subsp._longifolia,42.1264,-5.4723
1502029751,Rubia_peregrina_subsp._longifolia,40.39,-0.11
895290795,Rubia_peregrina_subsp._longifolia,39.86,-0.37
199500388,Rubia_peregrina_subsp._longifolia,36.752305,-3.81237
1831527202,Rubia_peregrina_subsp._longifolia,33.56389,-6.74667
1936573793,Rubia_peregrina_subsp._longifolia,41.8432,-6.0245
1851570502,Rubia_peregrina_subsp._longifolia,42.55,0.2
895222219,Rubia_peregrina_subsp._longifolia,41.375,-1.499
1851570548,Rubia_peregrina_subsp._longifolia,42.01,0.42
1936513004,Rubia_peregrina_subsp._longifolia,38.7791,-0.273
1831527080,Rubia_peregrina_subsp._longifolia,32.19806,-6.40889
1851353391,Rubia_peregrina_subsp._longifolia,42.808,-5.036
1502063115,Rubia_peregrina_subsp._longifolia,38.63,-0.05
895174149,Rubia_peregrina_subsp._longifolia,39.88,-2.36
2289836663,Rubia_peregrina_subsp._longifolia,38.585,-0.226667
1502063627,Rubia_peregrina_subsp._longifolia,38.36,-0.56
164183468,Rubia_peregrina_subsp._longifolia,37.77,-2.55
1851570668,Rubia_peregrina_subsp._longifolia,38.32,-0.51
1265138430,Rubia_peregrina_subsp._longifolia,39.7890761799652,2.75950281315653
1502054311,Rubia_peregrina_subsp._longifolia,38.34,-0.47
1701164848,Rubia_peregrina_subsp._longifolia,42.366977,10.903171
1936600838,Rubia_peregrina_subsp._longifolia,43.4362,-4.0516
1842848049,Rubia_peregrina_subsp._longifolia,35.22,-5.33
1851569443,Rubia_peregrina_subsp._longifolia,38.39,-0.92
1842847991,Rubia_peregrina_subsp._longifolia,35.22,-5.38
1936446415,Rubia_peregrina_subsp._longifolia,38.6286,0.0122
1842847954,Rubia_peregrina_subsp._longifolia,35.13,-5.2
895227818,Rubia_peregrina_subsp._longifolia,43.55,-5.41
1851570117,Rubia_peregrina_subsp._longifolia,37.9,-0.77
1502044079,Rubia_peregrina_subsp._longifolia,38.45,-0.67
1502059964,Rubia_peregrina_subsp._longifolia,38.26,-0.8
199500271,Rubia_peregrina_subsp._longifolia,36.616,-5.208
1502043579,Rubia_peregrina_subsp._longifolia,37.88,-0.67
1936634247,Rubia_peregrina_subsp._longifolia,37.95,-6.95
860318647,Rubia_peregrina_subsp._longifolia,40.3558,0.4048
1502059938,Rubia_peregrina_subsp._longifolia,38.26,-0.78
1936636509,Rubia_peregrina_subsp._longifolia,37.8885,-6.6688
895281381,Rubia_peregrina_subsp._longifolia,38.69,-0.64
1500991757,Rubia_peregrina_subsp._longifolia,39.04,-0.28
1831527567,Rubia_peregrina_subsp._longifolia,41.42472,9.10722
1936449208,Rubia_peregrina_subsp._longifolia,39.1007,-4.9672
1851569501,Rubia_peregrina_subsp._longifolia,38.39,-0.94
30675540,Rubia_peregrina_subsp._longifolia,36.834,-2.871
1502061666,Rubia_peregrina_subsp._longifolia,38.48,-0.7
199500293,Rubia_peregrina_subsp._longifolia,43.411,-5.909
1851329567,Rubia_peregrina_subsp._longifolia,42.04,-4.51
199500424,Rubia_peregrina_subsp._longifolia,36.61,-4.996
211636010,Rubia_peregrina_subsp._longifolia,43.41,-5.91
1502057131,Rubia_peregrina_subsp._longifolia,38.46,-0.72
1851567365,Rubia_peregrina_subsp._longifolia,38.48,-0.72
1050609562,Rubia_peregrina_subsp._longifolia,43.41,-5.9
1050609539,Rubia_peregrina_subsp._longifolia,42.92,-0.61
1851330227,Rubia_peregrina_subsp._longifolia,42.816,-5.11
1851569274,Rubia_peregrina_subsp._longifolia,39.06,1.37
1050609564,Rubia_peregrina_subsp._longifolia,43.45,-2.74
1936421843,Rubia_peregrina_subsp._longifolia,40.781,-2.148
1701166270,Rubia_peregrina_subsp._longifolia,43.013442,10.760318
1851567191,Rubia_peregrina_subsp._longifolia,38.48,-0.3
1502041696,Rubia_peregrina_subsp._longifolia,38.42,-0.54
30675213,Rubia_peregrina_subsp._longifolia,37.21,-2.183
895221282,Rubia_peregrina_subsp._longifolia,41.413,-1.582
1851394642,Rubia_peregrina_subsp._longifolia,42.2406,-5.4816
1050579956,Rubia_peregrina_subsp._longifolia,42.53,-2.56
1842892508,Rubia_peregrina_subsp._longifolia,35.234,-5.1733
1936552186,Rubia_peregrina_subsp._longifolia,39.0343,-4.5957
1851344032,Rubia_peregrina_subsp._longifolia,42.399,-3.978
1842847932,Rubia_peregrina_subsp._longifolia,35.105606,-3.717616
199500216,Rubia_peregrina_subsp._longifolia,36.804,-3.869
895236363,Rubia_peregrina_subsp._longifolia,40.03,-0.01
199500231,Rubia_peregrina_subsp._longifolia,36.80341,-3.83403
1144765450,Rubia_peregrina_subsp._longifolia,42.81667,9.45
860317987,Rubia_peregrina_subsp._longifolia,38.2525,-0.5088
1851565956,Rubia_peregrina_subsp._longifolia,38.33,-0.43
1502003177,Rubia_peregrina_subsp._longifolia,39.68,-0.38
895283756,Rubia_peregrina_subsp._longifolia,40.3,-0.12
895275481,Rubia_peregrina_subsp._longifolia,39.77,-0.37
1502036603,Rubia_peregrina_subsp._longifolia,40.48,0.11
1838302734,Rubia_peregrina_subsp._longifolia,38.45417,20.6425
895276331,Rubia_peregrina_subsp._longifolia,39.85,-0.25
895236807,Rubia_peregrina_subsp._longifolia,40.099,-0.19
1701166255,Rubia_peregrina_subsp._longifolia,43.770327,10.702829
1851375543,Rubia_peregrina_subsp._longifolia,42.56,-0.38
1851321828,Rubia_peregrina_subsp._longifolia,42.48,-6.87
211636006,Rubia_peregrina_subsp._longifolia,42.43,-6.93
1851356480,Rubia_peregrina_subsp._longifolia,42.472,-6.78
895285328,Rubia_peregrina_subsp._longifolia,39.78,-1.19
1936576115,Rubia_peregrina_subsp._longifolia,38.0852,-4.0617
1144765569,Rubia_peregrina_subsp._longifolia,44.84056,-1.22528
895283692,Rubia_peregrina_subsp._longifolia,40.4,-0.35
2288812162,Rubia_peregrina_subsp._longifolia,43.325683,0.708467
1701167982,Rubia_peregrina_subsp._longifolia,42.411119,11.145667
895272594,Rubia_peregrina_subsp._longifolia,39.59,-0.61
788744182,Rubia_peregrina_subsp._longifolia,36.783333,21.716667
199500379,Rubia_peregrina_subsp._longifolia,36.46994,-5.16811
895279192,Rubia_peregrina_subsp._longifolia,38.68,-0.07
199500664,Rubia_peregrina_subsp._longifolia,36.643,-4.616
1851400875,Rubia_peregrina_subsp._longifolia,42.503,-6.572
1699957034,Rubia_peregrina_subsp._longifolia,40.682215,8.202496
199500286,Rubia_peregrina_subsp._longifolia,36.785,-4.037
895276744,Rubia_peregrina_subsp._longifolia,39.33,-0.97
1501991658,Rubia_peregrina_subsp._longifolia,39.68,-0.49
1851570309,Rubia_peregrina_subsp._longifolia,39.21,-1.24
1936548389,Rubia_peregrina_subsp._longifolia,39.8291,2.8353
1936453833,Rubia_peregrina_subsp._longifolia,39.2033,-1.2525
1936546930,Rubia_peregrina_subsp._longifolia,39.7476,2.6487
1502028103,Rubia_peregrina_subsp._longifolia,40.21,-0.12
788813154,Rubia_peregrina_subsp._longifolia,38.583333,26.016667
164183467,Rubia_peregrina_subsp._longifolia,37.139999,-3.56
1144765446,Rubia_peregrina_subsp._longifolia,42.66667,9.36667
30675544,Rubia_peregrina_subsp._longifolia,37.275,-2.498
788813214,Rubia_peregrina_subsp._longifolia,38.566667,25.983333
1050617616,Rubia_peregrina_subsp._longifolia,43.2,-0.85
1936400768,Rubia_peregrina_subsp._longifolia,39.64,3.0105
199500669,Rubia_peregrina_subsp._longifolia,36.845,-4.34
1502062859,Rubia_peregrina_subsp._longifolia,38.65,-0.02
199500086,Rubia_peregrina_subsp._longifolia,36.80554,-4.36428
199500085,Rubia_peregrina_subsp._longifolia,36.621,-4.929
199500106,Rubia_peregrina_subsp._longifolia,36.54,-4.916
895203791,Rubia_peregrina_subsp._longifolia,39.7175,-0.4655
199500039,Rubia_peregrina_subsp._longifolia,35.88,-5.94
1883574433,Rubia_peregrina_subsp._longifolia,38.166668,13.35
199500088,Rubia_peregrina_subsp._longifolia,36.763,-4.395
1831527365,Rubia_peregrina_subsp._longifolia,38.16667,13.35
199500087,Rubia_peregrina_subsp._longifolia,36.773,-4.339
199500107,Rubia_peregrina_subsp._longifolia,36.488,-4.747
199500108,Rubia_peregrina_subsp._longifolia,36.48948,-4.77054
895184680,Rubia_peregrina_subsp._longifolia,40.13,-0.48
1144765468,Rubia_peregrina_subsp._longifolia,41.56667,9.33333
1701164744,Rubia_peregrina_subsp._longifolia,42.418528,11.081389
895185870,Rubia_peregrina_subsp._longifolia,40.22,-0.47
1701164760,Rubia_peregrina_subsp._longifolia,42.381389,11.210556
895240934,Rubia_peregrina_subsp._longifolia,40.66,0.1
1501562823,Rubia_peregrina_subsp._longifolia,39.71,-0.26
1501977106,Rubia_peregrina_subsp._longifolia,38.68,-0.3
1501978306,Rubia_peregrina_subsp._longifolia,38.68,-0.18
895211352,Rubia_peregrina_subsp._longifolia,36.73,-2.16
895174252,Rubia_peregrina_subsp._longifolia,39.755,-0.496
1501089124,Rubia_peregrina_subsp._longifolia,39.75,-0.49
895267227,Rubia_peregrina_subsp._longifolia,40.12,0.12
1701166238,Rubia_peregrina_subsp._longifolia,42.766669,10.166738
895185119,Rubia_peregrina_subsp._longifolia,39.94,-0.13
895184065,Rubia_peregrina_subsp._longifolia,40.75,-0.22
895266879,Rubia_peregrina_subsp._longifolia,38.06,-0.66
895196336,Rubia_peregrina_subsp._longifolia,40.03,0.13
895196551,Rubia_peregrina_subsp._longifolia,40.31,0.35
895265609,Rubia_peregrina_subsp._longifolia,39.5,-0.85
1851565602,Rubia_peregrina_subsp._longifolia,38.51,-0.76
895266936,Rubia_peregrina_subsp._longifolia,40.12,0.01
1501003993,Rubia_peregrina_subsp._longifolia,40.06,-0.61
895196765,Rubia_peregrina_subsp._longifolia,40.03,0.01
895235668,Rubia_peregrina_subsp._longifolia,40.018,-0.592
1500983627,Rubia_peregrina_subsp._longifolia,40.01,-0.59
895235498,Rubia_peregrina_subsp._longifolia,40.063,-0.614
895196732,Rubia_peregrina_subsp._longifolia,40.3,0.23
1936600433,Rubia_peregrina_subsp._longifolia,43.4377,-3.8663
895200035,Rubia_peregrina_subsp._longifolia,39.52,-2.13
895196268,Rubia_peregrina_subsp._longifolia,40.12,-0.12
895184471,Rubia_peregrina_subsp._longifolia,40.66,0.22
1936545702,Rubia_peregrina_subsp._longifolia,43.3971,-4.3473
895196482,Rubia_peregrina_subsp._longifolia,40.21,0.24
1144765426,Rubia_peregrina_subsp._longifolia,42.4,9.35
1144765460,Rubia_peregrina_subsp._longifolia,42.15,9.55
1144765438,Rubia_peregrina_subsp._longifolia,42.71667,9.43333
1144765458,Rubia_peregrina_subsp._longifolia,42.73333,9.43333
1936444890,Rubia_peregrina_subsp._longifolia,41.1053,-3.8468
1936405478,Rubia_peregrina_subsp._longifolia,40.1823,-3.4547
895213334,Rubia_peregrina_subsp._longifolia,38.35,-1.8
1501962620,Rubia_peregrina_subsp._longifolia,39.42,-0.97
199500268,Rubia_peregrina_subsp._longifolia,36.735,-2.882
1144765466,Rubia_peregrina_subsp._longifolia,42.71667,9.35
895261054,Rubia_peregrina_subsp._longifolia,39.6,-0.96
1053982567,Rubia_peregrina_subsp._longifolia,42.56,-1.63
1500697226,Rubia_peregrina_subsp._longifolia,40.6,0.004
895183430,Rubia_peregrina_subsp._longifolia,40.608,0.004
895185143,Rubia_peregrina_subsp._longifolia,39.956,-0.255
1500699504,Rubia_peregrina_subsp._longifolia,39.95,-0.25
1936443290,Rubia_peregrina_subsp._longifolia,41.4876,-1.6357
895204555,Rubia_peregrina_subsp._longifolia,40.73,0.211
1501959211,Rubia_peregrina_subsp._longifolia,39.6,-1.19
1851365108,Rubia_peregrina_subsp._longifolia,42.83,-5.63
1144765561,Rubia_peregrina_subsp._longifolia,42.2,9.13333
1050609546,Rubia_peregrina_subsp._longifolia,42.62,-2.32
1936442366,Rubia_peregrina_subsp._longifolia,38.6369,-0.3588
1144765470,Rubia_peregrina_subsp._longifolia,41.65,9.21667
1699957351,Rubia_peregrina_subsp._longifolia,39.973726,9.272476
1502060065,Rubia_peregrina_subsp._longifolia,38.81,0.18
1501115705,Rubia_peregrina_subsp._longifolia,39.02,-0.29
199500397,Rubia_peregrina_subsp._longifolia,36.86821,-4.5602
895215472,Rubia_peregrina_subsp._longifolia,39.029,-0.291
1502004443,Rubia_peregrina_subsp._longifolia,38.95,-0.29
1851403629,Rubia_peregrina_subsp._longifolia,42.806,-4.596
2028547215,Rubia_peregrina_subsp._longifolia,42.15,2.76
199499925,Rubia_peregrina_subsp._longifolia,36.745,-4.36125
199500332,Rubia_peregrina_subsp._longifolia,36.742,-5.19
1501115671,Rubia_peregrina_subsp._longifolia,39.69,-0.46
1936445013,Rubia_peregrina_subsp._longifolia,41.1144,-3.835
1501961270,Rubia_peregrina_subsp._longifolia,39.6,-1.08
895259133,Rubia_peregrina_subsp._longifolia,39.31,-0.27
1936518727,Rubia_peregrina_subsp._longifolia,36.7357,-5.1963
895306337,Rubia_peregrina_subsp._longifolia,39.691,-0.464
1053983378,Rubia_peregrina_subsp._longifolia,42.66,-1.18
1053984646,Rubia_peregrina_subsp._longifolia,42.65,-1.01
1053980823,Rubia_peregrina_subsp._longifolia,42.05,-1.33
1144765463,Rubia_peregrina_subsp._longifolia,41.98333,8.66667
199500367,Rubia_peregrina_subsp._longifolia,36.9674,-4.54364
895208449,Rubia_peregrina_subsp._longifolia,38.98,-2.71
1050609529,Rubia_peregrina_subsp._longifolia,42.41,-1.91
1053984653,Rubia_peregrina_subsp._longifolia,42.63,-1.14
1050609512,Rubia_peregrina_subsp._longifolia,43.39,-4.67
2028547314,Rubia_peregrina_subsp._longifolia,42.12,2.73
1501563638,Rubia_peregrina_subsp._longifolia,39.67,-0.47
1144765453,Rubia_peregrina_subsp._longifolia,42.08333,9.03333
1502006130,Rubia_peregrina_subsp._longifolia,39.22,-0.28
895304706,Rubia_peregrina_subsp._longifolia,38.86,-0.18
895302498,Rubia_peregrina_subsp._longifolia,38.68,0.07
235667448,Rubia_peregrina_subsp._longifolia,37.35,-4.75
1144765472,Rubia_peregrina_subsp._longifolia,42.2,9.55
1144765491,Rubia_peregrina_subsp._longifolia,42.73333,9.2
1144765495,Rubia_peregrina_subsp._longifolia,42.7,9.33333
235667443,Rubia_peregrina_subsp._longifolia,37.44,-4.75
1144765478,Rubia_peregrina_subsp._longifolia,41.9,8.61667
1144765452,Rubia_peregrina_subsp._longifolia,41.73333,8.85
204404658,Rubia_peregrina_subsp._longifolia,37.898,-2.949
217685640,Rubia_peregrina_subsp._longifolia,38.61,-4.9
204404657,Rubia_peregrina_subsp._longifolia,38.015,-2.88
235667454,Rubia_peregrina_subsp._longifolia,37.63,-4.19
895264371,Rubia_peregrina_subsp._longifolia,40.3,-0.23
1144765436,Rubia_peregrina_subsp._longifolia,41.6,8.78333
1144765469,Rubia_peregrina_subsp._longifolia,42.08333,8.7
895264469,Rubia_peregrina_subsp._longifolia,40.39,-0.23
1936171195,Rubia_peregrina_subsp._longifolia,39.3156,2.9873
1050609511,Rubia_peregrina_subsp._longifolia,43.06,-3.06
235667449,Rubia_peregrina_subsp._longifolia,37.53,-4.53
1699957177,Rubia_peregrina_subsp._longifolia,40.737067,8.14959
199499885,Rubia_peregrina_subsp._longifolia,36.519,-5.53
199499887,Rubia_peregrina_subsp._longifolia,36.518,-5.608
1936569211,Rubia_peregrina_subsp._longifolia,42.6995,-3.8437
1144765490,Rubia_peregrina_subsp._longifolia,41.36667,9.21667
1699957291,Rubia_peregrina_subsp._longifolia,40.730966,8.128744
199499895,Rubia_peregrina_subsp._longifolia,36.48705,-4.74001
895202998,Rubia_peregrina_subsp._longifolia,39.59,-0.73
199499888,Rubia_peregrina_subsp._longifolia,36.553,-5.631
1699957192,Rubia_peregrina_subsp._longifolia,40.681532,8.226584
199499843,Rubia_peregrina_subsp._longifolia,36.61821,-4.65433
895148134,Rubia_peregrina_subsp._longifolia,40.14,-1.3
895158670,Rubia_peregrina_subsp._longifolia,38.95,-0.06
1851413061,Rubia_peregrina_subsp._longifolia,42.38,-6.63
199499845,Rubia_peregrina_subsp._longifolia,36.63,-4.62
895158493,Rubia_peregrina_subsp._longifolia,39.77,-0.49
235667444,Rubia_peregrina_subsp._longifolia,37.44,-4.41
1701166242,Rubia_peregrina_subsp._longifolia,42.857026,10.547251
895208474,Rubia_peregrina_subsp._longifolia,42.39,-6.75
1701166253,Rubia_peregrina_subsp._longifolia,43.537226,10.412572
1712606270,Rubia_peregrina_subsp._longifolia,42.66188,-1.897898
235667447,Rubia_peregrina_subsp._longifolia,37.44,-4.87
235667452,Rubia_peregrina_subsp._longifolia,37.63,-4.3
235667457,Rubia_peregrina_subsp._longifolia,37.53,-4.41
895263620,Rubia_peregrina_subsp._longifolia,40.13,-0.36
1701166246,Rubia_peregrina_subsp._longifolia,43.834615,10.360477
1701166354,Rubia_peregrina_subsp._longifolia,42.86421,10.473466
1501933767,Rubia_peregrina_subsp._longifolia,38.42,-0.88
199500493,Rubia_peregrina_subsp._longifolia,36.68543,-2.70103
1935719020,Rubia_peregrina_subsp._longifolia,44.81111,13.92917
199499830,Rubia_peregrina_subsp._longifolia,36.719,-4.327
1144765465,Rubia_peregrina_subsp._longifolia,42.36667,8.56667
1936546099,Rubia_peregrina_subsp._longifolia,43.4743,-3.7926
1936670973,Rubia_peregrina_subsp._longifolia,42.3454,-7.8359
199499848,Rubia_peregrina_subsp._longifolia,36.64991,-4.62039
1501993481,Rubia_peregrina_subsp._longifolia,38.87,-0.41
1502031481,Rubia_peregrina_subsp._longifolia,40.12,-0.01
1936546111,Rubia_peregrina_subsp._longifolia,43.3429,-4.3584
1050609537,Rubia_peregrina_subsp._longifolia,42.96,-2.66
1144765422,Rubia_peregrina_subsp._longifolia,42.71667,9.23333
1936545427,Rubia_peregrina_subsp._longifolia,43.3414,-4.4818
237339817,Rubia_peregrina_subsp._longifolia,41.42,2.46
1806556336,Rubia_peregrina_subsp._longifolia,42.736369,-1.74688
1806556321,Rubia_peregrina_subsp._longifolia,42.689057,-1.584721
199499785,Rubia_peregrina_subsp._longifolia,36.76192,-3.84405
895245735,Rubia_peregrina_subsp._longifolia,38.96,-0.52
199500070,Rubia_peregrina_subsp._longifolia,36.647,-5.444
1144765480,Rubia_peregrina_subsp._longifolia,41.46667,9.03333
1144765508,Rubia_peregrina_subsp._longifolia,41.58333,9.28333
1144765432,Rubia_peregrina_subsp._longifolia,42.35,8.58333
1712606289,Rubia_peregrina_subsp._longifolia,42.461263,-1.929349
1144765497,Rubia_peregrina_subsp._longifolia,42.46667,8.68333
1806556403,Rubia_peregrina_subsp._longifolia,42.852578,-1.661392
199499847,Rubia_peregrina_subsp._longifolia,36.63375,-4.60881
1144765440,Rubia_peregrina_subsp._longifolia,41.4,9.15
199499798,Rubia_peregrina_subsp._longifolia,36.63549,-4.90721
199499786,Rubia_peregrina_subsp._longifolia,36.82,-3.84
1851400698,Rubia_peregrina_subsp._longifolia,42.85,-4.41
1851333362,Rubia_peregrina_subsp._longifolia,42.64,-6.26
1502018436,Rubia_peregrina_subsp._longifolia,39.95,-0.72
1050646616,Rubia_peregrina_subsp._longifolia,42.79,-2.72
1050609519,Rubia_peregrina_subsp._longifolia,42.97,-2.76
1050609508,Rubia_peregrina_subsp._longifolia,42.49,-2.5
1851406607,Rubia_peregrina_subsp._longifolia,42.48,-6.75
1050609513,Rubia_peregrina_subsp._longifolia,42.77,-2.27
1701166282,Rubia_peregrina_subsp._longifolia,43.992685,10.174198
895283693,Rubia_peregrina_subsp._longifolia,39.87,-0.95
1701166353,Rubia_peregrina_subsp._longifolia,43.997945,10.16732
1501981341,Rubia_peregrina_subsp._longifolia,39.32,-0.62
1502008610,Rubia_peregrina_subsp._longifolia,39.67,-0.26
1501979802,Rubia_peregrina_subsp._longifolia,38.77,-0.07
1699957309,Rubia_peregrina_subsp._longifolia,40.540373,8.332394
1699957175,Rubia_peregrina_subsp._longifolia,40.732022,8.595034
895283611,Rubia_peregrina_subsp._longifolia,39.87,-0.84
199499783,Rubia_peregrina_subsp._longifolia,36.76444,-3.83842
1144765504,Rubia_peregrina_subsp._longifolia,41.5,8.91667
199499796,Rubia_peregrina_subsp._longifolia,36.56472,-4.85572
1701166260,Rubia_peregrina_subsp._longifolia,43.808256,10.47311
1144765475,Rubia_peregrina_subsp._longifolia,41.7,8.85
788649979,Rubia_peregrina_subsp._longifolia,37.033333,22.833333
1050609526,Rubia_peregrina_subsp._longifolia,42.88,-2.95
1144765448,Rubia_peregrina_subsp._longifolia,41.53333,8.85
1144765521,Rubia_peregrina_subsp._longifolia,41.38333,9.21667
199499812,Rubia_peregrina_subsp._longifolia,37.09,-2.04
1050609538,Rubia_peregrina_subsp._longifolia,42.94,-2.73
1144765462,Rubia_peregrina_subsp._longifolia,41.93333,8.61667
1144765488,Rubia_peregrina_subsp._longifolia,41.48333,9.01667
1144765479,Rubia_peregrina_subsp._longifolia,42.35,8.56667
876155505,Rubia_peregrina_subsp._longifolia,41.41,2.1
1806556271,Rubia_peregrina_subsp._longifolia,42.846142,-1.752532
1050609542,Rubia_peregrina_subsp._longifolia,42.51,-2.67
1701166281,Rubia_peregrina_subsp._longifolia,42.446132,11.227309
1701166262,Rubia_peregrina_subsp._longifolia,43.94487,10.184189
1701165494,Rubia_peregrina_subsp._longifolia,42.819282,10.286808
1699957216,Rubia_peregrina_subsp._longifolia,40.719827,8.259695
1144765447,Rubia_peregrina_subsp._longifolia,42.43333,9.01667
1144765449,Rubia_peregrina_subsp._longifolia,42.36667,8.58333
1144765409,Rubia_peregrina_subsp._longifolia,42.43333,9
296530044,Rubia_peregrina_subsp._longifolia,44.179,15.551
1806556294,Rubia_peregrina_subsp._longifolia,42.896696,-1.780896
164183502,Rubia_peregrina_subsp._longifolia,39.75,3.35
1851350890,Rubia_peregrina_subsp._longifolia,42.74,-6.5
1144765486,Rubia_peregrina_subsp._longifolia,42.26667,9.1
164183501,Rubia_peregrina_subsp._longifolia,37.84,-4.82
1050609496,Rubia_peregrina_subsp._longifolia,42.55,-2.64
211635894,Rubia_peregrina_subsp._longifolia,42.43,-5.47
164183499,Rubia_peregrina_subsp._longifolia,39.110001,-4.04
1699957258,Rubia_peregrina_subsp._longifolia,40.281996,9.636673
1699957311,Rubia_peregrina_subsp._longifolia,40.73751,8.570687
235667508,Rubia_peregrina_subsp._longifolia,37.26,-4.41
1699957214,Rubia_peregrina_subsp._longifolia,40.55569,8.319037
1699957346,Rubia_peregrina_subsp._longifolia,41.047796,9.206214
1050609535,Rubia_peregrina_subsp._longifolia,43.06,-3.3
1050609527,Rubia_peregrina_subsp._longifolia,42.62,-2.79
1712604344,Rubia_peregrina_subsp._longifolia,42.329552,-1.735689
1050609533,Rubia_peregrina_subsp._longifolia,43.04,-2.2
1050609534,Rubia_peregrina_subsp._longifolia,42.74,-2.27
1701166288,Rubia_peregrina_subsp._longifolia,43.468199,10.343498
1050646652,Rubia_peregrina_subsp._longifolia,42.6,-2.54
1701166301,Rubia_peregrina_subsp._longifolia,43.79292,10.45458
1699957195,Rubia_peregrina_subsp._longifolia,40.901375,9.102161
1144765443,Rubia_peregrina_subsp._longifolia,41.83333,8.78333
1050609548,Rubia_peregrina_subsp._longifolia,43.14,-3.04
1851324425,Rubia_peregrina_subsp._longifolia,43.2,-4.91
211636107,Rubia_peregrina_subsp._longifolia,43.400002,-6.05
895208499,Rubia_peregrina_subsp._longifolia,43.58,-8.19
1806556245,Rubia_peregrina_subsp._longifolia,42.855335,-1.67389
211635896,Rubia_peregrina_subsp._longifolia,43.459999,-5.76
211635899,Rubia_peregrina_subsp._longifolia,43.540001,-5.39
1699957233,Rubia_peregrina_subsp._longifolia,40.939404,8.226185
1806556291,Rubia_peregrina_subsp._longifolia,42.927384,-1.838792
1851586684,Rubia_peregrina_subsp._longifolia,38.77,0.18
1144765437,Rubia_peregrina_subsp._longifolia,41.75,8.68333
1144765454,Rubia_peregrina_subsp._longifolia,41.63333,8.8
1936170340,Rubia_peregrina_subsp._longifolia,39.5936,2.4398
1936170585,Rubia_peregrina_subsp._longifolia,39.8131,4.284
1936630899,Rubia_peregrina_subsp._longifolia,39.5833,2.4333
199499929,Rubia_peregrina_subsp._longifolia,36.92212,-4.00962
1936153273,Rubia_peregrina_subsp._longifolia,39.8741,3.1743
1050609507,Rubia_peregrina_subsp._longifolia,42.78,-3.09
1050609515,Rubia_peregrina_subsp._longifolia,43.11,-3.15
1851338366,Rubia_peregrina_subsp._longifolia,43.2,-5.03
1050609524,Rubia_peregrina_subsp._longifolia,42.84,-3.22
164183500,Rubia_peregrina_subsp._longifolia,37.93,-4.93
1842902108,Rubia_peregrina_subsp._longifolia,42.193,-0.027
1851327002,Rubia_peregrina_subsp._longifolia,41.12,0.32
1699957282,Rubia_peregrina_subsp._longifolia,40.903851,9.706427
1806555049,Rubia_peregrina_subsp._longifolia,43.125,-1.74
895152856,Rubia_peregrina_subsp._longifolia,39.55,-1.22
895208505,Rubia_peregrina_subsp._longifolia,38.33,-2.45
1701166236,Rubia_peregrina_subsp._longifolia,43.637023,10.390921
1842892999,Rubia_peregrina_subsp._longifolia,41.31,1.27
199500598,Rubia_peregrina_subsp._longifolia,36.91,-4.07
1699957336,Rubia_peregrina_subsp._longifolia,40.983642,8.91559
1806128976,Rubia_peregrina_subsp._longifolia,42.791344,-1.63179
1806129108,Rubia_peregrina_subsp._longifolia,42.832126,-1.627807
217685688,Rubia_peregrina_subsp._longifolia,37.35,-4.3
1842842614,Rubia_peregrina_subsp._longifolia,42.1877,0.056
1050609492,Rubia_peregrina_subsp._longifolia,42.61,-2.83
1050609509,Rubia_peregrina_subsp._longifolia,42.68,-2.33
1936577550,Rubia_peregrina_subsp._longifolia,37.0167,-6.55
1851384093,Rubia_peregrina_subsp._longifolia,42.93,-5.27
1701166328,Rubia_peregrina_subsp._longifolia,44.071912,10.212315
1050609528,Rubia_peregrina_subsp._longifolia,42.85,-3.23
211636209,Rubia_peregrina_subsp._longifolia,43.400002,-5.11
211636210,Rubia_peregrina_subsp._longifolia,43.459999,-5.06
199500150,Rubia_peregrina_subsp._longifolia,36.51306,-4.83567
1585883644,Rubia_peregrina_subsp._longifolia,28.300278,-16.524167
1701166381,Rubia_peregrina_subsp._longifolia,43.798435,10.484161
1701546566,Rubia_peregrina_subsp._longifolia,45.02528,14.61722
1699957260,Rubia_peregrina_subsp._longifolia,40.240022,9.22596
1050609505,Rubia_peregrina_subsp._longifolia,42.79,-2.77
1144765500,Rubia_peregrina_subsp._longifolia,42.3,9.3
1701166310,Rubia_peregrina_subsp._longifolia,43.595669,10.322591
199499896,Rubia_peregrina_subsp._longifolia,36.70606,-4.61748
1699957326,Rubia_peregrina_subsp._longifolia,39.092953,9.524274
318120238,Rubia_peregrina_subsp._longifolia,38.42,-0.65
1260852166,Rubia_peregrina_subsp._longifolia,44.13805,5.09805
199500045,Rubia_peregrina_subsp._longifolia,36.71,-4.96
199500119,Rubia_peregrina_subsp._longifolia,36.91,-4.18
318120292,Rubia_peregrina_subsp._longifolia,38.24,-0.54
1699957307,Rubia_peregrina_subsp._longifolia,40.271878,9.40436
2291809639,Rubia_peregrina_subsp._longifolia,47.25,0.85
2291694309,Rubia_peregrina_subsp._longifolia,35.966667,14.35
1699957262,Rubia_peregrina_subsp._longifolia,40.55792,8.164653
211635830,Rubia_peregrina_subsp._longifolia,43.560001,-6.62
1699957165,Rubia_peregrina_subsp._longifolia,40.289514,9.589815
1701166523,Rubia_peregrina_subsp._longifolia,42.583036,10.106665
1851361495,Rubia_peregrina_subsp._longifolia,42.39,-6.87
2239688902,Rubia_peregrina_subsp._longifolia,35.655,-5.715556
2239688673,Rubia_peregrina_subsp._longifolia,35.676667,-5.295278
2239689219,Rubia_peregrina_subsp._longifolia,35.540833,-5.558889
2239689175,Rubia_peregrina_subsp._longifolia,35.84,-5.391944
2239689585,Rubia_peregrina_subsp._longifolia,35.7925,-5.502222
211635826,Rubia_peregrina_subsp._longifolia,43.549999,-6.68
1638423377,Rubia_peregrina_subsp._longifolia,44.78333,14.68333
2239688875,Rubia_peregrina_subsp._longifolia,34.761944,-3.796944
2239689379,Rubia_peregrina_subsp._longifolia,35.078889,-5.129444
2239689303,Rubia_peregrina_subsp._longifolia,35.691389,-5.621111
2239689445,Rubia_peregrina_subsp._longifolia,35.031389,-4.977778
2239689086,Rubia_peregrina_subsp._longifolia,35.109444,-5.285556
2239689363,Rubia_peregrina_subsp._longifolia,35.244444,-3.931667
2239689526,Rubia_peregrina_subsp._longifolia,35.3625,-5.371389
1053982330,Rubia_peregrina_subsp._longifolia,42.86,-1.66
788822619,Rubia_peregrina_subsp._longifolia,37.766667,24.9
788837158,Rubia_peregrina_subsp._longifolia,39.579722,2.314722
788837787,Rubia_peregrina_subsp._longifolia,39.954444,3.206111
788834434,Rubia_peregrina_subsp._longifolia,39.615833,2.956389
788838998,Rubia_peregrina_subsp._longifolia,39.765833,2.714167
788838238,Rubia_peregrina_subsp._longifolia,39.983056,4.012778
1842893007,Rubia_peregrina_subsp._longifolia,41.5,1.86
1842902616,Rubia_peregrina_subsp._longifolia,41.41,1.98
788813093,Rubia_peregrina_subsp._longifolia,35.166667,25.45
1144765503,Rubia_peregrina_subsp._longifolia,42.23333,9.23333
1585881179,Rubia_peregrina_subsp._longifolia,47.176389,4.963611
1842848018,Rubia_peregrina_subsp._longifolia,42.13,1.85
1842902793,Rubia_peregrina_subsp._longifolia,41.32,1.86
1842902757,Rubia_peregrina_subsp._longifolia,41.32,1.98
1842902704,Rubia_peregrina_subsp._longifolia,41.41,1.86
788650037,Rubia_peregrina_subsp._longifolia,37.583333,25.216667
788812371,Rubia_peregrina_subsp._longifolia,37.85,24.883333
788822559,Rubia_peregrina_subsp._longifolia,37.85,24.9
1144765451,Rubia_peregrina_subsp._longifolia,41.88333,8.93333
1936248337,Rubia_peregrina_subsp._longifolia,39.3655,-0.3083
788813335,Rubia_peregrina_subsp._longifolia,37.916667,24.783333
1144765471,Rubia_peregrina_subsp._longifolia,42.7,9.43333
1144765467,Rubia_peregrina_subsp._longifolia,41.91667,8.93333
788650095,Rubia_peregrina_subsp._longifolia,37.6,25.083333
788822680,Rubia_peregrina_subsp._longifolia,37.966667,24.75
318120258,Rubia_peregrina_subsp._longifolia,37.97,-0.78
788832528,Rubia_peregrina_subsp._longifolia,37.833333,24.916667
788650153,Rubia_peregrina_subsp._longifolia,37.633333,24.35
788822740,Rubia_peregrina_subsp._longifolia,37.9,24.733333
1842902737,Rubia_peregrina_subsp._longifolia,41.59,1.86
788652184,Rubia_peregrina_subsp._longifolia,37.083333,25.5
2289139053,Rubia_peregrina_subsp._longifolia,44.316667,9.2
1144765419,Rubia_peregrina_subsp._longifolia,41.96667,9
788822860,Rubia_peregrina_subsp._longifolia,35.2,25.7
1891597199,Rubia_peregrina_subsp._longifolia,34,9
31975477,Rubia_peregrina_subsp._longifolia,39.759998,2.73
788649863,Rubia_peregrina_subsp._longifolia,37.783333,26.683333
2289689800,Rubia_peregrina_subsp._longifolia,43.416667,10.416667
31975472,Rubia_peregrina_subsp._longifolia,39.810001,2.8
31975476,Rubia_peregrina_subsp._longifolia,39.860001,2.87
2288362853,Rubia_peregrina_subsp._longifolia,42.916667,3.05
1502043925,Rubia_peregrina_subsp._longifolia,38.52,-0.99
318120295,Rubia_peregrina_subsp._longifolia,38.6,-0.88
31975470,Rubia_peregrina_subsp._longifolia,39.759998,2.71
318120291,Rubia_peregrina_subsp._longifolia,38.5,-0.31
1502044028,Rubia_peregrina_subsp._longifolia,38.41,-0.31
318120289,Rubia_peregrina_subsp._longifolia,38.51,-0.53
1502043485,Rubia_peregrina_subsp._longifolia,38.6,-0.53
788650211,Rubia_peregrina_subsp._longifolia,38.133333,24.616667
1055839570,Rubia_peregrina_subsp._longifolia,50.603593,-3.648517
1144765507,Rubia_peregrina_subsp._longifolia,41.38333,9.16667
31975479,Rubia_peregrina_subsp._longifolia,39.740002,2.69
1701343957,Rubia_peregrina_subsp._longifolia,65.4422,12.811
1935965522,Rubia_peregrina_subsp._longifolia,39.13705,2.93787
1935965515,Rubia_peregrina_subsp._longifolia,39.56534,2.62049
31975473,Rubia_peregrina_subsp._longifolia,39.700001,3.36
1144765459,Rubia_peregrina_subsp._longifolia,41.36667,9.2
1936620584,Rubia_peregrina_subsp._longifolia,39.13065,2.923128
1144765473,Rubia_peregrina_subsp._longifolia,41.83333,9.26667
1144765464,Rubia_peregrina_subsp._longifolia,41.86667,9.4
1144765477,Rubia_peregrina_subsp._longifolia,41.91667,8.73333
1144765456,Rubia_peregrina_subsp._longifolia,42.26667,8.83333
1144765476,Rubia_peregrina_subsp._longifolia,42.25,8.8
1705471541,Rubia_peregrina_subsp._longifolia,42.83333,11.25
1144765482,Rubia_peregrina_subsp._longifolia,42.48333,9.43333
1842843515,Rubia_peregrina_subsp._longifolia,34.92,-4.59
788646792,Rubia_peregrina_subsp._longifolia,38.266667,21.833333
19780374,Rubia_peregrina_subsp._longifolia,46.8546,0.928775
1842843662,Rubia_peregrina_subsp._longifolia,41.5,1.98
1935965653,Rubia_peregrina_subsp._longifolia,39.57751,2.65071
1144765484,Rubia_peregrina_subsp._longifolia,41.93333,8.71667
1144765483,Rubia_peregrina_subsp._longifolia,42.1,9.21667
1144567537,Rubia_peregrina_subsp._longifolia,41.83333,9.4
735648373,Rubia_peregrina_subsp._longifolia,48.516667,2.266667
1144567544,Rubia_peregrina_subsp._longifolia,42.91667,9.46667
2289267809,Rubia_peregrina_subsp._longifolia,28.45,-16.416667
1671672872,Rubia_peregrina_subsp._longifolia,44.427224,8.910497
1671672853,Rubia_peregrina_subsp._longifolia,44.348073,9.381533
1144567547,Rubia_peregrina_subsp._longifolia,42.01667,8.76667
1144567543,Rubia_peregrina_subsp._longifolia,42.15,8.75
1144567545,Rubia_peregrina_subsp._longifolia,42.68333,9.38333
667342734,Rubia_peregrina_subsp._longifolia,44.17409,5.27868
