taxon_name,decimal_longitude,gbif_id,decimal_latitude
Liquidambar_styraciflua,-86.328389,2269024325,13.726306
Liquidambar_styraciflua,-86.446667,2269023493,13.700583
Liquidambar_styraciflua,-78.69967,1851988566,35.79425
Liquidambar_styraciflua,-83.5813,2248087307,37.90165
Liquidambar_styraciflua,-86.457917,2268863113,13.741722
Liquidambar_styraciflua,-49.1258,1587298240,-25.3867
Liquidambar_styraciflua,-83.5807,1978007578,37.9017
Liquidambar_styraciflua,-85.906861,2268833685,13.033389
Liquidambar_styraciflua,174.725833,1897830747,-36.760833
Liquidambar_styraciflua,-86.171528,1264718670,13.963472
Liquidambar_styraciflua,-119.613797,1658232437,49.494733
Liquidambar_styraciflua,-90.038055,1269532529,37.101111
Liquidambar_styraciflua,-85.7,2268920115,13.25
Liquidambar_styraciflua,-89.40278,1585306834,14.3825
Liquidambar_styraciflua,-82.9578,1988984883,42.3446
Liquidambar_styraciflua,-83.4528,1988603948,42.3261
Liquidambar_styraciflua,-73.971676,1930522266,40.778348
Liquidambar_styraciflua,-86.435278,2268848109,13.731889
Liquidambar_styraciflua,-85.981972,1258104226,13.817639
Liquidambar_styraciflua,-86.314111,1258104190,13.760278
Liquidambar_styraciflua,-95.925694,1897487509,17.393056
Liquidambar_styraciflua,-95.203139,1897487494,16.83925
Liquidambar_styraciflua,-95.892055,1897487474,17.46575
Liquidambar_styraciflua,-90.260833,1258157218,38.613889
Liquidambar_styraciflua,-75.5325,1929068041,38.2169
Liquidambar_styraciflua,174.728333,1843473935,-36.844278
Liquidambar_styraciflua,-75.455,1930594413,38.2919
Liquidambar_styraciflua,-75.4653,1931214322,38.2642
Liquidambar_styraciflua,-75.44,1927885892,38.1725
Liquidambar_styraciflua,-75.7892,1930441588,38.4861
Liquidambar_styraciflua,-75.4708,1931010589,38.2011
Liquidambar_styraciflua,-75.3683,1930080521,37.8958
Liquidambar_styraciflua,-75.4808,1927829058,38.2603
Liquidambar_styraciflua,-75.3639,1928371153,38.2225
Liquidambar_styraciflua,-75.7931,1928078302,38.4858
Liquidambar_styraciflua,-75.3472,1930498920,37.9125
Liquidambar_styraciflua,-75.2572,1928004068,38.4986
Liquidambar_styraciflua,174.787972,1843473789,-36.894611
Liquidambar_styraciflua,-75.6389,1930555123,38.0364
Liquidambar_styraciflua,-75.4533,1929869738,38.2781
Liquidambar_styraciflua,-75.4647,1928760606,38.24
Liquidambar_styraciflua,-75.4628,1928932878,38.2628
Liquidambar_styraciflua,-75.4786,1928400326,38.3344
Liquidambar_styraciflua,-75.2886,1931066534,37.9836
Liquidambar_styraciflua,-81.992556,1457771814,29.704361
Liquidambar_styraciflua,-81.968944,1457822966,29.71025
Liquidambar_styraciflua,-75.6847,1929367063,39.3403
Liquidambar_styraciflua,-75.7222,1928121801,38.5264
Liquidambar_styraciflua,-75.0558,1931059798,38.4978
Liquidambar_styraciflua,-75.4389,1931082284,38.7803
Liquidambar_styraciflua,-75.8792,1929732842,38.5564
Liquidambar_styraciflua,-75.7236,1929217275,38.5256
Liquidambar_styraciflua,-75.32,1929973389,38.4656
Liquidambar_styraciflua,-75.3178,1930550233,38.4561
Liquidambar_styraciflua,-82.026194,1457782667,29.696194
Liquidambar_styraciflua,-76.10389,1928361692,38.82
Liquidambar_styraciflua,-75.1053,1929384897,38.7703
Liquidambar_styraciflua,-81.972167,1457764153,29.716722
Liquidambar_styraciflua,-75.7442,1928435987,39.3494
Liquidambar_styraciflua,-75.3944,1930939038,38.7494
Liquidambar_styraciflua,-87.437862,1899880493,32.916099
Liquidambar_styraciflua,-87.429665,1899880397,32.955309
Liquidambar_styraciflua,-87.408998,1899880658,32.964648
Liquidambar_styraciflua,-87.438416,1899881762,32.91588
Liquidambar_styraciflua,-87.41964,1899881997,32.925877
Liquidambar_styraciflua,-87.385687,1899880951,32.920254
Liquidambar_styraciflua,-76.9664,1322290936,38.9102
Liquidambar_styraciflua,-76.97,2308192273,38.91
Liquidambar_styraciflua,-73.8817,1927823128,40.8664
Liquidambar_styraciflua,-74.094861,1702533113,4.663039
Liquidambar_styraciflua,-77.887361,2234364821,36.247
Liquidambar_styraciflua,-78.00775,2234527693,36.148361
Liquidambar_styraciflua,-95.989361,1897487463,17.245361
Liquidambar_styraciflua,-95.935167,1897487475,17.170417
Liquidambar_styraciflua,-96.406778,1897487471,17.625333
Liquidambar_styraciflua,-77.2458,1456021496,38.6461
Liquidambar_styraciflua,-96.422944,1897487492,17.620361
Liquidambar_styraciflua,-96.68725,1897487496,17.794472
Liquidambar_styraciflua,-96.6675,1897487560,17.996972
Liquidambar_styraciflua,-96.765111,1897487550,17.938444
Liquidambar_styraciflua,-77.2377,1456341089,38.647
Liquidambar_styraciflua,-78.49049,1990182175,34.25747
Liquidambar_styraciflua,-96.756472,1897487478,17.9445
Liquidambar_styraciflua,-94.706972,1897487437,16.759417
Liquidambar_styraciflua,-85.1992,1503275300,30.1372
Liquidambar_styraciflua,-81.9575,1503273255,27.6219
Liquidambar_styraciflua,-78.39181,1990182402,34.66265
Liquidambar_styraciflua,-80.5666,1849106631,33.9566
Liquidambar_styraciflua,-96.873833,1897487535,18.204667
Liquidambar_styraciflua,-96.862778,1897487482,18.187583
Liquidambar_styraciflua,-78.49125,1990182248,34.25743
Liquidambar_styraciflua,-81.815,1503275151,27.6183
Liquidambar_styraciflua,-96.258805,1897487512,17.447639
Liquidambar_styraciflua,-93.163639,2268872987,17.131556
Liquidambar_styraciflua,-96.079639,1897487499,17.325278
Liquidambar_styraciflua,-117.862908,1426515359,33.6566769991292
Liquidambar_styraciflua,-96.152944,1897487472,17.310389
Liquidambar_styraciflua,-82.9608,1503276446,30.5236
Liquidambar_styraciflua,-95.947278,1897487537,17.1
Liquidambar_styraciflua,-96.002194,1897487518,16.997611
Liquidambar_styraciflua,-95.967667,1897487521,16.99325
Liquidambar_styraciflua,-96.928333,1897487543,18.170278
Liquidambar_styraciflua,-96.916667,1897487459,18.201417
Liquidambar_styraciflua,-81.6764,1503271427,29.9794
Liquidambar_styraciflua,-81.4286,1503270077,28.8192
Liquidambar_styraciflua,-81.2567,1503271489,28.7419
Liquidambar_styraciflua,-96.890583,1897487485,18.166056
Liquidambar_styraciflua,-96.759722,1897487468,18.085917
Liquidambar_styraciflua,138.723,992085462,-34.805
Liquidambar_styraciflua,-83.3161,1503271450,39.735
Liquidambar_styraciflua,-76.244428,1930515032,38.968822
Liquidambar_styraciflua,-76.797681,1927983469,39.126194
Liquidambar_styraciflua,-76.5623,1828931324,39.0954
Liquidambar_styraciflua,-76.5675,1828936621,39.1546
Liquidambar_styraciflua,-75.767947,1929995260,38.4624
Liquidambar_styraciflua,-76.06058,1928640208,38.85958
Liquidambar_styraciflua,-51.595278,1324597693,-25.907778
Liquidambar_styraciflua,-75.254344,1931384249,38.7312
Liquidambar_styraciflua,-97.047083,2268892799,19.205083
Liquidambar_styraciflua,-75.778031,1928934990,38.682878
Liquidambar_styraciflua,-75.645356,1930996690,38.717811
Liquidambar_styraciflua,-75.522072,1929652667,38.780219
Liquidambar_styraciflua,-83.7875,1503271054,30.143
Liquidambar_styraciflua,-76.656164,1928139290,38.725964
Liquidambar_styraciflua,-95.387333,1897487505,16.816306
Liquidambar_styraciflua,-83.245333,1978065749,38.123667
Liquidambar_styraciflua,-90.266667,1258035449,38.616667
Liquidambar_styraciflua,-84.97462,2234568042,34.674
Liquidambar_styraciflua,-73.975389,1929605847,40.766811
Liquidambar_styraciflua,-84.87415,2234564324,34.74424
Liquidambar_styraciflua,-96.742167,1897487506,17.884917
Liquidambar_styraciflua,-82.0141,1457789905,29.68843
Liquidambar_styraciflua,-86.383889,1257804697,13.735833
Liquidambar_styraciflua,-91.708511,1269728553,31.871305
Liquidambar_styraciflua,-81.2889,1503269256,28.7347
Liquidambar_styraciflua,-82.0672,1503268867,30.0558
Liquidambar_styraciflua,-76.192128,1928241487,38.961914
Liquidambar_styraciflua,-75.701489,1931143434,38.215431
Liquidambar_styraciflua,-76.552,2308395473,38.882
Liquidambar_styraciflua,-75.721886,2012784263,38.760125
Liquidambar_styraciflua,-94.176025,1930977072,32.694917
Liquidambar_styraciflua,-93.75775,1928881822,31.589764
Liquidambar_styraciflua,-80.9354,1849174104,33.8767
Liquidambar_styraciflua,-82.467576,2234568649,31.936377
Liquidambar_styraciflua,-93.765211,1929310213,30.123303
Liquidambar_styraciflua,-77.6525,1990229200,34.581861
Liquidambar_styraciflua,-77.083267,1930618692,35.533622
Liquidambar_styraciflua,-77.192036,1930606824,34.717483
Liquidambar_styraciflua,-76.798711,1930100195,35.306864
Liquidambar_styraciflua,-76.550931,1928622224,38.978706
Liquidambar_styraciflua,-77.646278,1990229183,34.580694
Liquidambar_styraciflua,-81.064167,890158674,35.336389
Liquidambar_styraciflua,-101.229722,1257934841,19.648611
Liquidambar_styraciflua,18.875,685231795,-33.875
Liquidambar_styraciflua,140.764167,992073177,-37.836667
Liquidambar_styraciflua,-86.150833,1257606684,14.0275
Liquidambar_styraciflua,178.301389,1897792032,-37.599444
Liquidambar_styraciflua,-75.74158,1928526863,38.74447
Liquidambar_styraciflua,-91.0578,1257688487,37.1722
Liquidambar_styraciflua,-81.9639,1503260665,26.9975
Liquidambar_styraciflua,-75.72903,1928096802,38.7583
Liquidambar_styraciflua,-86.229167,1228023622,35.145556
Liquidambar_styraciflua,-86.116667,1257720361,13.3
Liquidambar_styraciflua,-78.420722,2234385084,36.412218
Liquidambar_styraciflua,-76.956922,1930005784,34.79035
Liquidambar_styraciflua,-75.539778,1929941921,35.268922
Liquidambar_styraciflua,-93.598778,1419162774,16.157056
Liquidambar_styraciflua,-93.598889,1257849927,16.156944
Liquidambar_styraciflua,-89.961389,1257581497,36.256111
Liquidambar_styraciflua,-89.414634,1929923815,36.409099
Liquidambar_styraciflua,-88.005999,1930178165,35.54359
Liquidambar_styraciflua,-89.41444,1230920692,36.40889
Liquidambar_styraciflua,-73.878821,1930434691,40.865834
Liquidambar_styraciflua,-82.323694,1978075054,37.297917
Liquidambar_styraciflua,-96.368889,1261056774,17.613611
Liquidambar_styraciflua,-80.972572,1844418206,36.416011
Liquidambar_styraciflua,-96.391389,1261056778,17.591111
Liquidambar_styraciflua,-96.353611,1261056789,17.626945
Liquidambar_styraciflua,-96.769444,1261056788,18.114167
Liquidambar_styraciflua,-88.858103,1258133934,36.74315
Liquidambar_styraciflua,-80.432778,1849128841,34.236944
Liquidambar_styraciflua,-89.912472,1257679800,36.847833
Liquidambar_styraciflua,-96.996944,1257744597,18.649167
Liquidambar_styraciflua,-76.855858,1929529877,36.826462
Liquidambar_styraciflua,-81.48822,1928291090,28.87703
Liquidambar_styraciflua,-76.04298,1258136283,36.9201
Liquidambar_styraciflua,-89.5083,1257683359,37.0444
Liquidambar_styraciflua,-96.883611,1257770738,19.768333
Liquidambar_styraciflua,-97.2,1257744572,19.866667
Liquidambar_styraciflua,-82.55175,2273385134,35.561333
Liquidambar_styraciflua,-73.878112,1928715386,40.861485
Liquidambar_styraciflua,-73.42781,1927994764,40.82839
Liquidambar_styraciflua,-94.026583,1419171220,16.786611
Liquidambar_styraciflua,-91.1078,1269727835,30.4108
Liquidambar_styraciflua,-89.59085,1269728067,30.30938
Liquidambar_styraciflua,-52.319639,1703307179,-24.107583
Liquidambar_styraciflua,-86.56833,217067832,31.54611
Liquidambar_styraciflua,-85.1283,1503251397,30.3994
Liquidambar_styraciflua,-85.43219,217067845,34.02142
Liquidambar_styraciflua,-93.065556,1419175607,17.185556
Liquidambar_styraciflua,134.089444,395775492,34.758611
Liquidambar_styraciflua,5.943564,728979059,51.655
Liquidambar_styraciflua,-95.242,240493154,38.9595
Liquidambar_styraciflua,-92.633333,1419177033,15.551667
Liquidambar_styraciflua,-92.63333,1260602028,15.55166
Liquidambar_styraciflua,-91.6537,1318205498,16.0871
Liquidambar_styraciflua,-82.048867,1457809767,29.215617
Liquidambar_styraciflua,175.128333,1843413107,-37.577778
Liquidambar_styraciflua,-73.87764,1929224439,40.8611
Liquidambar_styraciflua,-99.141083,1257570332,21.235133
Liquidambar_styraciflua,-82.953583,1457767074,29.959467
Liquidambar_styraciflua,-98.643867,1257570378,21.028217
Liquidambar_styraciflua,-98.197683,1257570416,20.32045
Liquidambar_styraciflua,-98.709883,1257570389,20.74605
Liquidambar_styraciflua,-98.706933,1257570407,20.77805
Liquidambar_styraciflua,-73.965416,1930368863,40.782323
Liquidambar_styraciflua,-86.188055,1260767647,13.983889
Liquidambar_styraciflua,174.873056,1843413779,-36.975833
Liquidambar_styraciflua,115.294867,996913551,-33.664967
Liquidambar_styraciflua,175.197222,1897785454,-36.815833
Liquidambar_styraciflua,174.766667,1843405979,-36.85
Liquidambar_styraciflua,174.762222,1843406043,-36.859722
Liquidambar_styraciflua,-90.3777,1258085473,15.4567
Liquidambar_styraciflua,174.75,1091146632,-36.366666
Liquidambar_styraciflua,174.762222,1897778771,-36.381944
Liquidambar_styraciflua,138.815263,992041643,-34.829002
Liquidambar_styraciflua,-85.83862,56603533,31.56361
Liquidambar_styraciflua,-90.1189,1563146965,29.8044
Liquidambar_styraciflua,-86.03445,56603532,31.88528
Liquidambar_styraciflua,-87.61417,122236402,34.09306
Liquidambar_styraciflua,-88.7906,1563147424,30.3919
Liquidambar_styraciflua,-88.7875,1269723691,30.3969
Liquidambar_styraciflua,-81.639167,1932898644,30.5465
Liquidambar_styraciflua,-92.684417,1419155807,15.621222
Liquidambar_styraciflua,-81.46983,1457798332,27.83288
Liquidambar_styraciflua,-79.0732,1849180182,33.501
Liquidambar_styraciflua,-93.054722,1426131367,15.796111
Liquidambar_styraciflua,-93.05475,1419170577,15.796028
Liquidambar_styraciflua,-87.1302,1563149340,30.3647
Liquidambar_styraciflua,-93.05472,1260586962,15.79583
Liquidambar_styraciflua,176.498611,1843411114,-38.311667
Liquidambar_styraciflua,174.65,1843401708,-36.9
Liquidambar_styraciflua,-93.594444,1894107451,16.211389
Liquidambar_styraciflua,-88.917778,1260184207,14.142222
Liquidambar_styraciflua,-89.51667,1585306467,14.38333
Liquidambar_styraciflua,174.616667,1843401849,-36.866667
Liquidambar_styraciflua,175.3,1843402259,-37.8
Liquidambar_styraciflua,174.766667,1897775564,-36.883333
Liquidambar_styraciflua,174.633333,1843402415,-36.883333
Liquidambar_styraciflua,-90.25722,1260570431,38.60555
Liquidambar_styraciflua,-94.14083,1259241684,30.11555
Liquidambar_styraciflua,-99.138889,1894623805,21.513333
Liquidambar_styraciflua,-93.589167,1419173358,16.2225
Liquidambar_styraciflua,28.15,2239706686,37.45
Liquidambar_styraciflua,28.7,2239706692,37.86666
Liquidambar_styraciflua,-86.032222,1913945149,31.884722
Liquidambar_styraciflua,-86.03223,56603511,31.88472
Liquidambar_styraciflua,-82.7328,1258121010,29.3592
Liquidambar_styraciflua,-81.1425,1503247973,29.4247
Liquidambar_styraciflua,-85.65111,1260047667,13.235
Liquidambar_styraciflua,175.833333,1843397475,-36.916667
Liquidambar_styraciflua,-96.94,1418348023,19.5525
Liquidambar_styraciflua,-87.427778,1913944777,32.888889
Liquidambar_styraciflua,-74.15,1455175892,40.016667
Liquidambar_styraciflua,-86.935,56603431,31.43806
Liquidambar_styraciflua,-99.091667,1896234147,21.208333
Liquidambar_styraciflua,-85.8428,1319784381,33.3397
Liquidambar_styraciflua,-99.114722,1894623759,21.208611
Liquidambar_styraciflua,-93.683333,1894107348,16.281667
Liquidambar_styraciflua,-93.691667,1419172389,16.281667
Liquidambar_styraciflua,-96.856417,1893924670,18.161972
Liquidambar_styraciflua,-96.898056,1896276348,19.790833
Liquidambar_styraciflua,-93.226389,1895148846,17.155278
Liquidambar_styraciflua,-82.40829,1457822849,29.61281
Liquidambar_styraciflua,-92.981667,1419179156,15.701111
Liquidambar_styraciflua,-74.075833,1098684035,4.599483
Liquidambar_styraciflua,-86.04139,56603509,34.08722
Liquidambar_styraciflua,-91.670556,1257744760,15.25
Liquidambar_styraciflua,-93.59222,1260059720,16.2425
Liquidambar_styraciflua,-93.592222,1894107440,16.2425
Liquidambar_styraciflua,-81.8086,1849118858,33.5831
Liquidambar_styraciflua,-90.70583,1261008481,39.11388
Liquidambar_styraciflua,-96.669611,1257826027,17.982945
Liquidambar_styraciflua,-93.008889,1419170111,17.186111
Liquidambar_styraciflua,-96.669611,1897366201,17.982944
Liquidambar_styraciflua,-92.437222,1269677913,31.690278
Liquidambar_styraciflua,-83.3133,1258121035,29.7917
Liquidambar_styraciflua,-89.095,2291534211,14.176167
Liquidambar_styraciflua,-90.16667,1585306474,14.45
Liquidambar_styraciflua,-80.5269,1849156669,34.5431
Liquidambar_styraciflua,-96.852833,1893924737,18.149611
Liquidambar_styraciflua,-89.16666,1260855374,14.33333
Liquidambar_styraciflua,-85.73333,1258792846,13.58333
Liquidambar_styraciflua,-89.16667,1585306322,14.33333
Liquidambar_styraciflua,-95.336111,1272058730,32.794444
Liquidambar_styraciflua,-89.35,1585306499,14.41667
Liquidambar_styraciflua,-86.86722,1260059763,14.12305
Liquidambar_styraciflua,-82.343889,1421409987,29.634722
Liquidambar_styraciflua,-90.07277,1260984857,36.33722
Liquidambar_styraciflua,-89.35,1260855288,14.41666
Liquidambar_styraciflua,-92.08333,1260979968,36.91777
Liquidambar_styraciflua,-97.083333,1421412069,18.816667
Liquidambar_styraciflua,-87.85,1228606891,41.8333
Liquidambar_styraciflua,-97.070833,1896276349,18.797222
Liquidambar_styraciflua,-91.104722,1269667603,30.372222
Liquidambar_styraciflua,-89.09333,1260855149,16.52361
Liquidambar_styraciflua,-81.828933,1978888194,27.49915
Liquidambar_styraciflua,-88.684767,1057219442,17.217668
Liquidambar_styraciflua,-89.09334,2239707009,16.52361
Liquidambar_styraciflua,-81.24166,415964821,31.4775
Liquidambar_styraciflua,-96.904167,1419191767,18.166667
Liquidambar_styraciflua,-88.63333,1260855266,14.56666
Liquidambar_styraciflua,-94.37361,1258687113,30.30611
Liquidambar_styraciflua,-83.2372,1258121020,30.2133
Liquidambar_styraciflua,-95.05,1896276338,18.494444
Liquidambar_styraciflua,-97.91,1417925369,18.069444
Liquidambar_styraciflua,176.333333,1897658979,-37.783333
Liquidambar_styraciflua,-92.978889,1895148876,17.204444
Liquidambar_styraciflua,-93.541667,1419164428,17.358333
Liquidambar_styraciflua,-93.05,1419161598,15.799167
Liquidambar_styraciflua,-97.507222,1895949202,19.950556
Liquidambar_styraciflua,-81.734333,1457778622,30.739833
Liquidambar_styraciflua,-96.674444,1897347032,18.094167
Liquidambar_styraciflua,-97.558333,1417930765,20.075
Liquidambar_styraciflua,-97.520556,1417926836,20.016667
Liquidambar_styraciflua,-97.508333,1417915635,20.028333
Liquidambar_styraciflua,-97.436389,1417919790,20.034722
Liquidambar_styraciflua,-97.520833,1417929739,20.016667
Liquidambar_styraciflua,26.808333,2288842011,-31.116667
Liquidambar_styraciflua,-90.33527,1258534753,36.93777
Liquidambar_styraciflua,-97.520833,1417925774,20.016944
Liquidambar_styraciflua,-97.575,1417928924,20.028333
Liquidambar_styraciflua,-97.520556,1417927455,20.016944
Liquidambar_styraciflua,-96.326975039346,1897577497,17.4968291828715
Liquidambar_styraciflua,26.875,462047097,-31.125
Liquidambar_styraciflua,-96.324753039142,1897577202,17.5140503556123
Liquidambar_styraciflua,-94.112503,176975444,34.736668
Liquidambar_styraciflua,-79.758413,2234384361,35.626192
Liquidambar_styraciflua,-97.024722,1896234159,19.408056
Liquidambar_styraciflua,-93.075,1894545042,18.761667
Liquidambar_styraciflua,-97.448611,1895953843,19.977778
Liquidambar_styraciflua,-97.478333,1895949204,19.898333
Liquidambar_styraciflua,-97.395,1895949115,19.915
Liquidambar_styraciflua,-86.22806,2239707164,30.70972
Liquidambar_styraciflua,-98.644722,1419192809,20.660833
Liquidambar_styraciflua,-89.64027,1260984299,37.19138
Liquidambar_styraciflua,-97.825,1895949280,19.971667
Liquidambar_styraciflua,-86.22805,1258481468,30.70972
Liquidambar_styraciflua,-121.366667,623675119,38.55
Liquidambar_styraciflua,-97.349444,1895949224,19.903333
Liquidambar_styraciflua,-97.336667,1895949258,19.923333
Liquidambar_styraciflua,-98.035,1844894353,20.2933
Liquidambar_styraciflua,-97.388333,1895949230,19.888333
Liquidambar_styraciflua,-97.618333,1895949295,19.91
Liquidambar_styraciflua,-97.395,1895949237,19.89
Liquidambar_styraciflua,-97.511667,1895949285,19.98
Liquidambar_styraciflua,-89.085,1258498497,16.530278
Liquidambar_styraciflua,-90.30138,1258820173,38.60555
Liquidambar_styraciflua,-51.178068,1837392006,-30.051692
Liquidambar_styraciflua,174.716667,1897618398,-36.883333
Liquidambar_styraciflua,-78.726161,1990237239,35.81874
Liquidambar_styraciflua,-99.065,1894705476,21.213611
Liquidambar_styraciflua,-98.079528,1893750058,17.215833
Liquidambar_styraciflua,-89.23333,1585306343,14.38333
Liquidambar_styraciflua,-85.10416,56603169,31.33278
Liquidambar_styraciflua,-96.3122527285793,1897577441,17.5090506325135
Liquidambar_styraciflua,-99.171514,1419190704,21.486619
Liquidambar_styraciflua,-99.19046,1894623709,21.48779
Liquidambar_styraciflua,-99.473333,1893750065,21.221667
Liquidambar_styraciflua,-98.892222,1894705473,21.153611
Liquidambar_styraciflua,-88.98333,1585306358,14.2
Liquidambar_styraciflua,-98.604722,1895676980,20.642222
Liquidambar_styraciflua,-104.34,1893750068,24.046
Liquidambar_styraciflua,144.9667,995122877,-37.8167
Liquidambar_styraciflua,-1.66,1050600306,43.42
Liquidambar_styraciflua,-98.707222,1895676998,20.7625
Liquidambar_styraciflua,-94.43,1928759634,34.63
Liquidambar_styraciflua,-96.949167,1419234764,19.171111
Liquidambar_styraciflua,-97.345278,1419192566,19.8825
Liquidambar_styraciflua,-97.974111,1895376301,17.210694
Liquidambar_styraciflua,-94.889167,1896276341,18.258333
Liquidambar_styraciflua,-98.661111,1895677033,20.643056
Liquidambar_styraciflua,-92.530556,1426108815,16.801389
Liquidambar_styraciflua,-92.33333,1259557971,38.95
Liquidambar_styraciflua,-96.555556,1896184907,17.739722
Liquidambar_styraciflua,-96.55861,1260527678,17.73972
Liquidambar_styraciflua,-96.558333,1895773461,17.739722
Liquidambar_styraciflua,-97.9741,1936572170,17.2107
Liquidambar_styraciflua,-98.591944,1895676962,20.647778
Liquidambar_styraciflua,-98.075,1893750055,17.208333
Liquidambar_styraciflua,-90.5525,1260226921,14.5875
Liquidambar_styraciflua,-98.04,1894623801,17.12
Liquidambar_styraciflua,-98.61,1895676931,20.635
Liquidambar_styraciflua,-94.6833234368231,1895376305,16.9071403373125
Liquidambar_styraciflua,-77.1103,1317229382,38.7189
Liquidambar_styraciflua,-98.691111,1895677018,20.706111
Liquidambar_styraciflua,-87.03639,56603187,32.89639
Liquidambar_styraciflua,-90.27833,1260990915,36.89416
Liquidambar_styraciflua,-91.176222,1269721435,30.414625
Liquidambar_styraciflua,-92.51666,1260989106,39.65
Liquidambar_styraciflua,-2.95,1050595896,43.25
Liquidambar_styraciflua,-86.67,122236128,33.27
Liquidambar_styraciflua,-87.8,122236126,31.68
Liquidambar_styraciflua,-87.77,122236130,32.25
Liquidambar_styraciflua,-86.87,122236129,33.58
Liquidambar_styraciflua,-92.773889,1421388445,16.932778
Liquidambar_styraciflua,-2.68,1050595862,42.85
Liquidambar_styraciflua,-98.066667,1801354741,17.2
Liquidambar_styraciflua,-98.006667,1894623778,17.118333
Liquidambar_styraciflua,-87.63,122236127,32.75
Liquidambar_styraciflua,-96.825,1896184908,19.541667
Liquidambar_styraciflua,149.05,993428467,-35.35
Liquidambar_styraciflua,-92.891944,1895148817,15.719444
Liquidambar_styraciflua,-75.496617,1576185022,5.083048
Liquidambar_styraciflua,-75.5,1455175901,37.783333
Liquidambar_styraciflua,-90.21138,1260137294,15.03611
Liquidambar_styraciflua,-95.56,1895242367,16.749722
Liquidambar_styraciflua,138.65,1927867891,-34.93
Liquidambar_styraciflua,-87.445,56603186,32.88
Liquidambar_styraciflua,-99.46,1261042633,24
Liquidambar_styraciflua,-87.44611,56602799,32.88083
Liquidambar_styraciflua,-99.4754098386149,1895376422,24.0115248997596
Liquidambar_styraciflua,-77.7,1929377053,37.07
Liquidambar_styraciflua,-88.21666,1258486986,15.5
Liquidambar_styraciflua,-98.210278,1895035300,20.3275
Liquidambar_styraciflua,-88.21667,2239707186,15.5
Liquidambar_styraciflua,-87.583333,1261370584,15.2
Liquidambar_styraciflua,-86.76666,1258486963,15.61666
Liquidambar_styraciflua,-84.268333,1258088255,37.90056
Liquidambar_styraciflua,-73.88,1929458187,40.85
Liquidambar_styraciflua,-91.16992,1269654934,30.36981
Liquidambar_styraciflua,-96.569722,1896184902,17.739167
Liquidambar_styraciflua,-96.5675,1260527259,17.74361
Liquidambar_styraciflua,-99.733333,1261040035,23.966667
Liquidambar_styraciflua,-98.608333,1895035296,20.991667
Liquidambar_styraciflua,-99.715,1895376311,23.992817
Liquidambar_styraciflua,-88.65,1258486813,14.53555
Liquidambar_styraciflua,-88.65,2239707206,14.66667
Liquidambar_styraciflua,-90.50305,1260878977,14.61333
Liquidambar_styraciflua,-84.88,1261562954,10.36
Liquidambar_styraciflua,-84.883333,1253688623,10.366667
Liquidambar_styraciflua,-98.659444,1419195112,20.72
Liquidambar_styraciflua,-98.628333,1893750060,20.728333
Liquidambar_styraciflua,-96.38333,1893593943,17.52222
Liquidambar_styraciflua,-98.663333,1896234148,20.727222
Liquidambar_styraciflua,-96.487222,1419232984,17.330556
Liquidambar_styraciflua,-98.675,1423116406,20.725
Liquidambar_styraciflua,-98.615556,1895035271,20.983056
Liquidambar_styraciflua,-95.091667,1896234132,18.425
Liquidambar_styraciflua,-101.457222,1893750086,20.913889
Liquidambar_styraciflua,-99.170833,1894623804,21.3
Liquidambar_styraciflua,-93.005,1896234110,17.345
Liquidambar_styraciflua,-98.653889,1895035292,21.048056
Liquidambar_styraciflua,-2.156,204432147,43.255001
Liquidambar_styraciflua,-91.966667,1419223859,16.236667
Liquidambar_styraciflua,-97.90139,1895597423,20.03111
Liquidambar_styraciflua,-97.900833,1895953885,20.031944
Liquidambar_styraciflua,-97.959722,1896234176,19.9425
Liquidambar_styraciflua,-90.25861,1261003464,38.61083
Liquidambar_styraciflua,-88.65,1261371018,14.55
Liquidambar_styraciflua,-95.519167,1895242338,16.753333
Liquidambar_styraciflua,-95.5167,995201202,16.7333
Liquidambar_styraciflua,-84.08,1261829073,9.95
Liquidambar_styraciflua,-84.086111,1253697083,9.959722
Liquidambar_styraciflua,-90.25,1261371013,38.6
Liquidambar_styraciflua,-98.889444,1419193399,19.492222
Liquidambar_styraciflua,139.964278,2243083040,38.030475
Liquidambar_styraciflua,-99.091667,1893750104,21.176667
Liquidambar_styraciflua,-96.83,1261370956,19.5
Liquidambar_styraciflua,-96.966667,1894464042,19.583333
Liquidambar_styraciflua,-92.247778,1896234164,16.799167
Liquidambar_styraciflua,-96.945278,1896184829,19.578333
Liquidambar_styraciflua,-96.545,1893750061,17.563333
Liquidambar_styraciflua,-96.971667,1893593961,19.565
Liquidambar_styraciflua,-96.974722,1896184866,19.555833
Liquidambar_styraciflua,-96.966667,1894464078,19.566667
Liquidambar_styraciflua,-95.0488893850923,1893825490,17.3548955686756
Liquidambar_styraciflua,-99.151667,1894623732,21.610833
Liquidambar_styraciflua,-96.966667,1894464099,19.55
Liquidambar_styraciflua,-2.67,1050655699,42.84
Liquidambar_styraciflua,-92.991667,1895148839,15.708333
Liquidambar_styraciflua,-92.983333,1426145629,15.7
Liquidambar_styraciflua,-99.395,1893750062,20.97
Liquidambar_styraciflua,-96.958889,1896184917,19.529444
Liquidambar_styraciflua,-87.466003,1269693992,32.966
Liquidambar_styraciflua,-84,1261370827,35.43333
Liquidambar_styraciflua,-99.491667,1895803077,23.991667
Liquidambar_styraciflua,-3.8048,1936582146,43.4562
Liquidambar_styraciflua,-97.054444,1896184880,19.437778
Liquidambar_styraciflua,-99.460269,1894623774,21.124408
Liquidambar_styraciflua,-96.986111,1894464044,19.508333
Liquidambar_styraciflua,-93.702222,1419216131,16.236111
Liquidambar_styraciflua,-94.891667,1418344947,18.391667
Liquidambar_styraciflua,-93.01,1258486833,17.2
Liquidambar_styraciflua,-88.633333,1261371293,14.566667
Liquidambar_styraciflua,-99.12555,1894623769,21.24162
Liquidambar_styraciflua,-99.141667,1896234145,21.225
Liquidambar_styraciflua,-99.141389,1893750089,21.231667
Liquidambar_styraciflua,-99.095,1893594029,21.218333
Liquidambar_styraciflua,-73.6387,1038952929,41.0692
Liquidambar_styraciflua,-99.208333,1894238775,23.125
Liquidambar_styraciflua,-95.375,1896184891,16.791667
Liquidambar_styraciflua,-96.766667,1894464070,19.783333
Liquidambar_styraciflua,-95.368333,1893593940,16.793333
Liquidambar_styraciflua,-96.767778,1896184842,19.7825
Liquidambar_styraciflua,-99.075,1423116475,19.075
Liquidambar_styraciflua,-92.925,1895148779,15.641667
Liquidambar_styraciflua,-99.225,1894238808,23.075
Liquidambar_styraciflua,-99.458333,1895803087,23.991667
Liquidambar_styraciflua,-123.12,1988135715,49.25
Liquidambar_styraciflua,-96.926944,1896184864,19.592778
Liquidambar_styraciflua,-83.608392,1977998985,37.841749
Liquidambar_styraciflua,-92.822222,1896234182,15.716667
Liquidambar_styraciflua,134.63589,1828888720,34.86319
Liquidambar_styraciflua,-90.11667,2239707342,15.13333
Liquidambar_styraciflua,-73.875413,1927777254,40.856767
Liquidambar_styraciflua,-90.166944,1257500845,15.1125
Liquidambar_styraciflua,-118.4,1988140101,49.02
Liquidambar_styraciflua,-96.825,1896184939,19.775
Liquidambar_styraciflua,-96.821944,1893593997,19.770556
Liquidambar_styraciflua,-96.816667,1894464080,19.766667
Liquidambar_styraciflua,-97.141667,1893593937,19.708333
Liquidambar_styraciflua,-98.133333,1894464043,19.7
Liquidambar_styraciflua,-97.161667,1896184881,19.664167
Liquidambar_styraciflua,-92.573611,1895148828,16.963889
Liquidambar_styraciflua,-98.225,1419227069,20.291667
Liquidambar_styraciflua,-99.1139986476545,1893825492,21.2622010059919
Liquidambar_styraciflua,-98.2167,2270516919,20.2833
Liquidambar_styraciflua,-98.214167,1895953902,20.276389
Liquidambar_styraciflua,-99.116667,1893750085,21.291667
Liquidambar_styraciflua,-99.11,1419217899,21.261667
Liquidambar_styraciflua,-99.1081655199133,1893825508,21.2652558877105
Liquidambar_styraciflua,-99.11,1419219343,21.266111
Liquidambar_styraciflua,-99.125,1896234140,21.291667
Liquidambar_styraciflua,-96.925,1896234143,19.535
Liquidambar_styraciflua,-99.504167,1893750057,21.109722
Liquidambar_styraciflua,-99.4770617696735,1893825473,21.12165015192
Liquidambar_styraciflua,-93.316667,1213664587,32.5
Liquidambar_styraciflua,-94.825,1418347732,18.358333
Liquidambar_styraciflua,-97.347778,1895953868,19.914444
Liquidambar_styraciflua,-96,2239707473,17.75
Liquidambar_styraciflua,-90.2,883391305,37.4353
Liquidambar_styraciflua,-96.5,2239706963,17.75
Liquidambar_styraciflua,-95.98333,1259306686,17.28333
Liquidambar_styraciflua,-77.0478,1318325003,38.965
Liquidambar_styraciflua,-95.983333,1419225457,17.283333
Liquidambar_styraciflua,-95.9842942962542,1895376401,17.2825185272987
Liquidambar_styraciflua,-92.661111,1895148782,16.891667
Liquidambar_styraciflua,172.583333,1897656259,-43.583333
Liquidambar_styraciflua,-92.776389,1257500830,16.922778
Liquidambar_styraciflua,-96,1259304103,17.25
Liquidambar_styraciflua,-96.03333,1260855345,17.25
Liquidambar_styraciflua,-91.833055,1895148767,17.209167
Liquidambar_styraciflua,-87.08277,1259190810,14.14444
Liquidambar_styraciflua,-96.95,1894465099,19.45
Liquidambar_styraciflua,-96.958333,1896234152,19.458333
Liquidambar_styraciflua,-95.41666,1259304176,16.56666
Liquidambar_styraciflua,-99.168333,1896234129,19.355
Liquidambar_styraciflua,-97.0169909588379,1895376430,18.9656460518182
Liquidambar_styraciflua,149.15,993637007,-35.2667
Liquidambar_styraciflua,-98.0667,2270513888,20.3333
Liquidambar_styraciflua,-94.805556,1418344661,18.366667
Liquidambar_styraciflua,-98.1723027545588,1895376368,20.2778006024905
Liquidambar_styraciflua,134.558846,1830633367,34.062923
Liquidambar_styraciflua,-4.43536,415620558,36.71583
Liquidambar_styraciflua,-97.2325,1895376355,19.814722
Liquidambar_styraciflua,-94.883333,1418347352,18.266667
Liquidambar_styraciflua,-96.940278,1896234169,19.513611
Liquidambar_styraciflua,-96.916667,1894464008,19.5
Liquidambar_styraciflua,-96.958333,1893593894,19.508333
Liquidambar_styraciflua,-90.516667,883391288,37.266667
Liquidambar_styraciflua,-73.875306,1931262102,40.862244
Liquidambar_styraciflua,-94.9377784296898,1893825488,18.2640181482299
Liquidambar_styraciflua,-94.85,1258920685,18.25
Liquidambar_styraciflua,-94.839444,1896234174,18.256667
Liquidambar_styraciflua,-95.212222,1896184888,18.449722
Liquidambar_styraciflua,-95.348333,1893593879,18.455
Liquidambar_styraciflua,-89.494115,1260993351,37.336277
Liquidambar_styraciflua,-94.814337799159,1894464026,18.3660906198258
Liquidambar_styraciflua,-94.774444,1896184837,18.399444
Liquidambar_styraciflua,-94.908333,1896184876,18.358333
Liquidambar_styraciflua,-94.7752769689737,1894464124,18.3992891459633
Liquidambar_styraciflua,-73.876483,1928702633,40.860444
Liquidambar_styraciflua,-73.877661,1928179818,40.865817
Liquidambar_styraciflua,-97.015,1896184845,19.1
Liquidambar_styraciflua,-96.975,1418340929,19.558333
Liquidambar_styraciflua,-97.86,1896184929,20.005556
Liquidambar_styraciflua,-98.655128,2270515452,20.655605
Liquidambar_styraciflua,-97.045833,1896184938,19.196389
Liquidambar_styraciflua,-95.929167,1419196466,17.356667
Liquidambar_styraciflua,-86.25,1261371144,13.41666
Liquidambar_styraciflua,-96.9275,1896234179,19.54
Liquidambar_styraciflua,-95.92222,1893750063,17.36111
Liquidambar_styraciflua,-97.033333,1894464125,19.2
Liquidambar_styraciflua,-92.567778,1895148801,16.940278
Liquidambar_styraciflua,-97.008611,1896184920,18.646111
Liquidambar_styraciflua,-97,1894464110,18.65
Liquidambar_styraciflua,-96.983333,1894464087,19.5
Liquidambar_styraciflua,-96.991667,1896184923,19.508333
Liquidambar_styraciflua,-97,1894464037,18.483333
Liquidambar_styraciflua,-94.88472,1894464073,18.27222
Liquidambar_styraciflua,-94.884722,1896184860,18.272222
Liquidambar_styraciflua,-87.12527,1261927821,14.19305
Liquidambar_styraciflua,-99.208333,1895054083,23.141667
Liquidambar_styraciflua,-99.225,1895054131,23.125
Liquidambar_styraciflua,-99.241667,1895053995,23.125
Liquidambar_styraciflua,-99.186667,1896184851,23.1
Liquidambar_styraciflua,-99.154167,1893593855,23.046111
Liquidambar_styraciflua,-99.258333,1895054065,23.141667
Liquidambar_styraciflua,-95.189444,1896184884,18.534167
Liquidambar_styraciflua,-94.73,1893593849,18.311667
Liquidambar_styraciflua,-75.137947,1929345048,38.237954
Liquidambar_styraciflua,-96.960278,1896184818,19.149722
Liquidambar_styraciflua,-96.96686,1419212521,19.15064
Liquidambar_styraciflua,-96.962069,1894464071,19.173851
Liquidambar_styraciflua,-96.958333,1423117588,19.141667
Liquidambar_styraciflua,-86.55,1261371036,13.76666
Liquidambar_styraciflua,149.1167,993887991,-35.3167
Liquidambar_styraciflua,-85.75,1258599228,12.91666
Liquidambar_styraciflua,-97.008333,1896184913,19.408333
Liquidambar_styraciflua,-97.058333,1896184861,19.458333
Liquidambar_styraciflua,-97,1894464020,19.4
Liquidambar_styraciflua,-96.400833,1419221012,16.802222
Liquidambar_styraciflua,-96.933333,1895376342,19.5
Liquidambar_styraciflua,-97.05,1844894454,19.45
Liquidambar_styraciflua,-96.93333,1260855144,19.5
Liquidambar_styraciflua,-96.973056,1896184924,19.566111
Liquidambar_styraciflua,-96.775556,1896184828,19.865
Liquidambar_styraciflua,-97.066667,1894464107,19.466667
Liquidambar_styraciflua,-97.916667,1894465106,19.316667
Liquidambar_styraciflua,-96.995278,1896234112,19.354722
Liquidambar_styraciflua,-98.458333,1893402773,20.641667
Liquidambar_styraciflua,-97.058333,1896184875,19.445
Liquidambar_styraciflua,-98.45,1896184838,20.635
Liquidambar_styraciflua,-85.91666,1261371361,13
Liquidambar_styraciflua,-94.8585157956701,1895376409,18.3480203604082
Liquidambar_styraciflua,-95.0641714618987,1893825480,18.6078904585478
Liquidambar_styraciflua,-99.458333,1895803083,24.075
Liquidambar_styraciflua,-92.48,1257500862,17.28
Liquidambar_styraciflua,-96.950556,1896184840,19.198611
Liquidambar_styraciflua,-96.956667,1893593866,19.453333
Liquidambar_styraciflua,-96.977778,1896184927,19.497222
Liquidambar_styraciflua,134.651,729326600,34.900002
Liquidambar_styraciflua,-99.18,439509059,23
Liquidambar_styraciflua,-98.709722,1895676578,20.6825
Liquidambar_styraciflua,-98.725556,1895676569,20.704167
Liquidambar_styraciflua,-96.941667,1894894564,19.508333
Liquidambar_styraciflua,-85.633333,1258596290,13.233333
Liquidambar_styraciflua,-1.61,1702509618,43.15
Liquidambar_styraciflua,149.1333,993637049,-35.25
Liquidambar_styraciflua,-98.218333,1895036411,20.332778
Liquidambar_styraciflua,-92.725,1896234137,16.908333
Liquidambar_styraciflua,-92.725,1418343362,16.925
Liquidambar_styraciflua,-97.641667,1893411010,19.925
Liquidambar_styraciflua,-87.87444,122236136,30.95806
Liquidambar_styraciflua,-97.633333,1895953809,19.9
Liquidambar_styraciflua,-97.641667,1896234133,19.908333
Liquidambar_styraciflua,-94.866667,1894464057,18.316667
Liquidambar_styraciflua,-98.63,1260855111,20.73
Liquidambar_styraciflua,-94.859167,1896184830,18.254722
Liquidambar_styraciflua,-96.68333,2239706742,19.76667
Liquidambar_styraciflua,-96.673056,1896184897,19.727778
Liquidambar_styraciflua,-76.916765,1930801629,38.974673
Liquidambar_styraciflua,-96.691667,1893593876,19.775
Liquidambar_styraciflua,-96.683333,1893304372,19.766667
Liquidambar_styraciflua,-94.733333,1896234177,16.866667
Liquidambar_styraciflua,-94.94,1895376385,18.32
Liquidambar_styraciflua,-76.59075,1928639293,38.493866
Liquidambar_styraciflua,-96.723611,1896184833,19.79
Liquidambar_styraciflua,-94.7524919071211,1893825518,16.8493649766754
Liquidambar_styraciflua,-98.740833,1895036382,20.928333
Liquidambar_styraciflua,-96.76667,2239706780,19.78333
Liquidambar_styraciflua,-96.744167,1896184893,19.739722
Liquidambar_styraciflua,-86.94583,56603457,14.9375
Liquidambar_styraciflua,-96.833333,1894464077,19.8
Liquidambar_styraciflua,-72.9247,1038954735,41.3114
Liquidambar_styraciflua,-90.716667,1896234165,29.725
Liquidambar_styraciflua,-97.066667,1896184899,19.341667
Liquidambar_styraciflua,-97.06667,2239707292,19.34167
Liquidambar_styraciflua,-85.9,1261370866,12.9
Liquidambar_styraciflua,-94.7041759088547,1895376336,18.2743042893289
Liquidambar_styraciflua,-85.71666,1260570593,13.3
Liquidambar_styraciflua,-94.710833,1896184867,18.283056
Liquidambar_styraciflua,-96.946667,1893750052,19.65
Liquidambar_styraciflua,-98.470833,1896234144,20.632222
Liquidambar_styraciflua,-96.583333,1419192660,17.528056
Liquidambar_styraciflua,-94.883333,1894464085,18.316667
Liquidambar_styraciflua,-94.891667,1896184885,18.325
Liquidambar_styraciflua,-96.4625,1419220660,17.518056
Liquidambar_styraciflua,-98.459167,1896184909,20.625278
Liquidambar_styraciflua,-86.18333,2239707489,13.51667
Liquidambar_styraciflua,-86.18333,1258596406,13.51666
Liquidambar_styraciflua,-99.461667,1893750069,21.021667
Liquidambar_styraciflua,-81.991496,1844418013,35.699014
Liquidambar_styraciflua,-76.77861,606659883,39.00305
Liquidambar_styraciflua,-87.37,122236134,34.15
Liquidambar_styraciflua,-84.777617,1978888529,43.589829
Liquidambar_styraciflua,-86.25,1258596561,13.416667
Liquidambar_styraciflua,-86.25,2239707389,13.41667
Liquidambar_styraciflua,-85.683333,1258404941,13.25
Liquidambar_styraciflua,-85.9,1261370788,13.06666
Liquidambar_styraciflua,-96.95,2239706756,19.48333
Liquidambar_styraciflua,-96.95,2239706730,19.6
Liquidambar_styraciflua,-96.943611,1896184848,19.481944
Liquidambar_styraciflua,-95.341667,1893411018,16.741667
Liquidambar_styraciflua,-97,1894464095,19.133333
Liquidambar_styraciflua,-97.004167,1896184914,19.130556
Liquidambar_styraciflua,-97,2239706749,19.13333
Liquidambar_styraciflua,-92.811667,1896184859,17.719167
Liquidambar_styraciflua,-91.703333,1896234142,16.108333
Liquidambar_styraciflua,-82.5,2239707340,32.16667
Liquidambar_styraciflua,-99.0528901400149,1895376388,21.5213536189954
Liquidambar_styraciflua,-98.226667,1895036321,20.331667
Liquidambar_styraciflua,-92.533333,2289525558,16.816667
Liquidambar_styraciflua,-92.541667,1419223017,16.825
Liquidambar_styraciflua,-98.2720303314597,1893825491,20.3375225594465
Liquidambar_styraciflua,-82.6917,1931295135,34.1806
Liquidambar_styraciflua,-82.691667,2234346249,34.180556
Liquidambar_styraciflua,-82.6697,1928546697,34.0839
Liquidambar_styraciflua,-82.669722,1849128608,34.083889
Liquidambar_styraciflua,-86.166667,1258503536,13.25
Liquidambar_styraciflua,-83.806315,1844417313,35.201754
Liquidambar_styraciflua,-92.86,1257500823,16.98
Liquidambar_styraciflua,-92.8543913412299,1893825478,16.9913079729152
Liquidambar_styraciflua,-79.052399,2234343841,35.910014
Liquidambar_styraciflua,-79.048978,2234343829,35.913721
Liquidambar_styraciflua,-96.943611,1896234141,19.513056
Liquidambar_styraciflua,-96.91666,2239707506,19.5
Liquidambar_styraciflua,-79.048965,2234436891,35.913689
Liquidambar_styraciflua,-99.091667,1893411052,21.575
Liquidambar_styraciflua,-96.943333,1896234154,19.5125
Liquidambar_styraciflua,-94.939444,1896184916,18.3875
Liquidambar_styraciflua,-94.95,2239707233,18.4
Liquidambar_styraciflua,-96.966719740162,1893825485,19.5761736185039
Liquidambar_styraciflua,-96.941667,1893411024,19.575
Liquidambar_styraciflua,-94.933333,1894464081,18.433333
Liquidambar_styraciflua,-94.908333,1419219033,18.375
Liquidambar_styraciflua,-94.9,1894464029,18.366667
Liquidambar_styraciflua,-94.888056,1896184886,18.281667
Liquidambar_styraciflua,-94.844444,1896184901,18.35
Liquidambar_styraciflua,-82.360972,1849126554,29.639028
Liquidambar_styraciflua,-87.4075,1261927812,14.29305
Liquidambar_styraciflua,-93.893898,1844418046,30.121308
Liquidambar_styraciflua,-87.1,1261927779,14.2
Liquidambar_styraciflua,-98.630556,1895676613,20.634722
Liquidambar_styraciflua,-86.5,1258599306,13.75
Liquidambar_styraciflua,-86.31667,2239707549,13.03333
Liquidambar_styraciflua,-83.11667,1657187759,35.73333
Liquidambar_styraciflua,-94.7583247623225,1893825461,16.7507587860699
Liquidambar_styraciflua,-87.11667,1657187680,35.73333
Liquidambar_styraciflua,-86.31666,1258327658,13.7
Liquidambar_styraciflua,-94.758333,1893411014,16.758333
Liquidambar_styraciflua,-93.683333,2288481951,31.7
Liquidambar_styraciflua,-81.546437,1844417303,35.953038
Liquidambar_styraciflua,-96.991667,1896184862,18.675
Liquidambar_styraciflua,-96.98333,2239707226,18.66667
Liquidambar_styraciflua,-96.983333,1894464104,18.666667
Liquidambar_styraciflua,-96.938333,1896184941,18.660833
Liquidambar_styraciflua,-96.903889,1896184857,18.664722
Liquidambar_styraciflua,-96.821389,1896184904,19.823056
Liquidambar_styraciflua,-99.158333,1896184898,23.041667
Liquidambar_styraciflua,-96.920556,1896184930,19.548056
Liquidambar_styraciflua,-96.975,1895054127,19.391667
Liquidambar_styraciflua,-96.95944,1895596490,19.20944
Liquidambar_styraciflua,-97.008333,1895054036,19.725
Liquidambar_styraciflua,-96.961667,1893593998,19.21
Liquidambar_styraciflua,-96.925,1896184817,19.541667
Liquidambar_styraciflua,-97.22222,1895596477,19.78556
Liquidambar_styraciflua,-96.991667,1895053906,19.225
Liquidambar_styraciflua,-97.241667,1895054039,19.791667
Liquidambar_styraciflua,151.666667,995535525,-30.516667
Liquidambar_styraciflua,-92.981944,1269654918,31.48
Liquidambar_styraciflua,-96.858333,1896184826,19.658333
Liquidambar_styraciflua,-98.491667,1896184843,20.541667
Liquidambar_styraciflua,-92.75,1503177182,32.5167
Liquidambar_styraciflua,-86.4,1258599231,13.733333
Liquidambar_styraciflua,-94.938889,1896184892,18.394444
Liquidambar_styraciflua,-87.164444,1258542389,14.129722
Liquidambar_styraciflua,-87.16444,1261927817,14.12972
Liquidambar_styraciflua,-96.825,1893593949,19.535
Liquidambar_styraciflua,174.766667,1897677024,-36.866667
Liquidambar_styraciflua,-98.741667,1895035302,20.925
Liquidambar_styraciflua,-93.45,2239706708,32.68333
Liquidambar_styraciflua,-93.45,1503176968,32.6833
Liquidambar_styraciflua,-96.9375,1896184841,19.611111
Liquidambar_styraciflua,-85.78333,1260869571,12.93333
Liquidambar_styraciflua,-87.46583,56602815,33.27417
Liquidambar_styraciflua,-97.3086728583695,1893825482,19.8758807130185
Liquidambar_styraciflua,-90.05,2270576786,30
Liquidambar_styraciflua,-98.19,1260855293,20.14
Liquidambar_styraciflua,-99.191667,1895803080,23.108333
Liquidambar_styraciflua,-93.608611,1257500826,16.195556
Liquidambar_styraciflua,-98.7056541811859,1893825497,20.7763902105399
Liquidambar_styraciflua,-98.2392524764056,1893825477,20.3155796653747
Liquidambar_styraciflua,-97.016111,1896184856,19.093611
Liquidambar_styraciflua,-78.89135,2234436075,35.460844
Liquidambar_styraciflua,-77.884149,2234439668,35.238774
Liquidambar_styraciflua,-77.878431,2234435872,36.256164
Liquidambar_styraciflua,-97.041667,1896184854,19.075
Liquidambar_styraciflua,-96.960833,1896184847,19.165278
Liquidambar_styraciflua,-77.872869,2234435482,36.255968
Liquidambar_styraciflua,-79.091376,2270524118,33.518586
Liquidambar_styraciflua,-86.1,1258599353,13.833333
Liquidambar_styraciflua,-98.426389,1896234151,20.544167
Liquidambar_styraciflua,-81.68972,415937617,30.8
Liquidambar_styraciflua,-96.17848,1061297642,38.41685
Liquidambar_styraciflua,-92.14673,2234385634,35.760995
Liquidambar_styraciflua,-98.2,2270515098,20.416667
Liquidambar_styraciflua,-98.2371967698688,1895376324,20.4145281435277
Liquidambar_styraciflua,-95.21327,2288745975,18.4487
Liquidambar_styraciflua,-95.166667,1896184931,18.544444
Liquidambar_styraciflua,-96.691667,1896184928,19.791667
Liquidambar_styraciflua,-95.174185,2235372173,18.556898
Liquidambar_styraciflua,-92.883333,1426154185,17.116667
Liquidambar_styraciflua,-92.89,1257500833,17.11
Liquidambar_styraciflua,-92.8899485113298,1265822057,17.1107460673507
Liquidambar_styraciflua,140.34023,2243082349,38.25525
Liquidambar_styraciflua,-90.78008,1061297677,35.90373
Liquidambar_styraciflua,-96.18166,1061297633,38.4039
Liquidambar_styraciflua,175.116667,1897629376,-36.683333
Liquidambar_styraciflua,-96.925,1893410993,19.625
Liquidambar_styraciflua,-81.95752,1844418098,35.369765
Liquidambar_styraciflua,-92.433333,1257950049,32.8
Liquidambar_styraciflua,-92.858333,1893411044,17.158333
Liquidambar_styraciflua,-85.4,122236131,32.6
Liquidambar_styraciflua,-96.891667,1896184918,19.591667
Liquidambar_styraciflua,-99.1949995029,1895376277,23.1028341398448
Liquidambar_styraciflua,-99.1724071707354,1895376298,23.1572088945557
Liquidambar_styraciflua,-96.958333,1896184855,19.158333
Liquidambar_styraciflua,-75.950762,1930827615,40.361465
Liquidambar_styraciflua,-94.725556,1896184836,18.296389
Liquidambar_styraciflua,-95.011667,1896184933,18.398333
Liquidambar_styraciflua,-94.9361367009599,1895376284,18.3683111840035
Liquidambar_styraciflua,-78.900122,1990237215,35.465695
Liquidambar_styraciflua,-95.108333,1896234138,18.425
Liquidambar_styraciflua,-96.18722,1061297613,38.42056
Liquidambar_styraciflua,-94.18,1257500841,16.57
Liquidambar_styraciflua,-92.925,1893411000,16.891667
Liquidambar_styraciflua,-92.9074491359461,1893825470,17.1871313098214
Liquidambar_styraciflua,-99.191667,1893410910,20.441667
Liquidambar_styraciflua,-96.958333,1896184846,19.391667
Liquidambar_styraciflua,-96.958333,1896184878,19.058333
Liquidambar_styraciflua,-92.9,1257500873,17.18
Liquidambar_styraciflua,-92.9108742090462,1895376276,17.1841394464934
Liquidambar_styraciflua,-99.175,1893411019,19.358333
Liquidambar_styraciflua,-78.688687,1990237261,35.719196
Liquidambar_styraciflua,-92.666667,1426109748,17.5
Liquidambar_styraciflua,-88.482346,1844416959,36.103711
Liquidambar_styraciflua,-83.184948,2273386077,35.308237
Liquidambar_styraciflua,150.65,1937225697,-30.483333
Liquidambar_styraciflua,-97.091667,1896184825,18.841667
Liquidambar_styraciflua,-95.11585,2270524137,32.47551
Liquidambar_styraciflua,-89.50888,1260930973,37.21972
Liquidambar_styraciflua,-90.132379,2234385697,35.852832
Liquidambar_styraciflua,-99.1920574208353,1895376327,23.0998922752264
Liquidambar_styraciflua,-82.626836,2273385897,35.105951
Liquidambar_styraciflua,-97.22,1896184922,19.828056
Liquidambar_styraciflua,-82.482066,2273385484,35.092061
Liquidambar_styraciflua,-92.533333,1257950025,39.466667
Liquidambar_styraciflua,-95.158333,1896234146,18.591667
Liquidambar_styraciflua,-86.21418,1061297648,38.21198
Liquidambar_styraciflua,-91.583775,1844416937,35.842101
Liquidambar_styraciflua,-94.8659,1061297643,34.33108
Liquidambar_styraciflua,-97.608333,1895953838,19.918889
Liquidambar_styraciflua,-92.882222,1419234545,17.161667
Liquidambar_styraciflua,-85.92083,1258599375,12.98888
Liquidambar_styraciflua,-95.06281,1061297645,31.57854
Liquidambar_styraciflua,-97.009722,1896184883,18.849444
Liquidambar_styraciflua,-97.058333,1896184839,18.725
Liquidambar_styraciflua,-85.300985,1844417221,34.735659
Liquidambar_styraciflua,-93.7413,176975213,35.79612
Liquidambar_styraciflua,-92.908333,1893411053,17.158333
Liquidambar_styraciflua,-77.886027,1990237247,35.237869
Liquidambar_styraciflua,-89.55,1260995743,37.31
Liquidambar_styraciflua,-87.83694,122236133,32.78583
Liquidambar_styraciflua,-97.958333,1893411046,18.291667
Liquidambar_styraciflua,-93.86993,1061297703,33.68678
Liquidambar_styraciflua,-87.66666,56602824,32.85
Liquidambar_styraciflua,-92.8294967883216,1895376414,17.0051263623687
Liquidambar_styraciflua,-84.432578,1978888465,42.733534
Liquidambar_styraciflua,-98.0525805567571,1895376346,20.1753056733677
Liquidambar_styraciflua,-97.960556,1895953893,20.279722
Liquidambar_styraciflua,-98.032222,1895953898,20.212222
Liquidambar_styraciflua,-86.9725,1261927799,13.83527
Liquidambar_styraciflua,-92.941667,1893411011,16.675
Liquidambar_styraciflua,-92.641667,1893410949,16.891667
Liquidambar_styraciflua,-92.841667,1893411008,17.008333
Liquidambar_styraciflua,-75.913295,2234385105,36.279053
Liquidambar_styraciflua,-88.11584,56602817,30.25278
Liquidambar_styraciflua,-93.091111,1895376322,16.793056
Liquidambar_styraciflua,-98.9828090470541,1895376339,21.1308373249447
Liquidambar_styraciflua,-92.991667,1893410960,17.208333
Liquidambar_styraciflua,-92.8710010480853,1895376351,17.1057823567529
Liquidambar_styraciflua,-99.1942885056421,1893411078,23.1079529236265
Liquidambar_styraciflua,-99.191111,1895376314,23.098889
Liquidambar_styraciflua,-99.0023254150259,1895376325,21.1041524634359
Liquidambar_styraciflua,-89.49583,1260992340,37.32861
Liquidambar_styraciflua,-73.878143,1930413362,40.862412
Liquidambar_styraciflua,-98.658333,1893411045,20.658333
Liquidambar_styraciflua,-89.5757,1260993673,37.2724
Liquidambar_styraciflua,-91.150833,1257500850,15.405
Liquidambar_styraciflua,-73.94958,176975450,40.6501
Liquidambar_styraciflua,-96.978333,1896184910,19.143611
Liquidambar_styraciflua,-85.93333,1260312778,13.03333
Liquidambar_styraciflua,-89.79472,1260998861,37.08222
Liquidambar_styraciflua,-80.832609,1844418083,35.246441
Liquidambar_styraciflua,-97.95472,1895376359,20.27222
Liquidambar_styraciflua,-97.958333,1893410989,20.275
Liquidambar_styraciflua,-97.975,1893411083,20.275
Liquidambar_styraciflua,-97.9725,1895953836,20.236389
Liquidambar_styraciflua,-97.991667,1893410931,20.291667
Liquidambar_styraciflua,-87.5,122236135,33.3
Liquidambar_styraciflua,-97.979167,1895953829,20.296944
Liquidambar_styraciflua,-98.541667,1893410934,20.608333
Liquidambar_styraciflua,-98.125,1893410979,20.141667
Liquidambar_styraciflua,-98.046944,1895953897,20.263889
Liquidambar_styraciflua,175.316667,1897663777,-40.65
Liquidambar_styraciflua,-95.191667,1893411035,18.525
Liquidambar_styraciflua,-97.607849119253,1893410984,19.9197697919342
Liquidambar_styraciflua,-98.225,1895036366,20.341667
Liquidambar_styraciflua,-98.708333,1893411021,20.875
Liquidambar_styraciflua,-81.3333,1503308012,32.1667
Liquidambar_styraciflua,-74.895161,2242392990,38.996946
Liquidambar_styraciflua,-93.758333,1893411054,16.808333
Liquidambar_styraciflua,-98.0311901594896,1893410955,20.2078052457849
Liquidambar_styraciflua,-95.191667,1893411020,18.508333
Liquidambar_styraciflua,-99.0742778770834,1895376335,21.3102509799862
Liquidambar_styraciflua,-99.535111888758,1895376361,22.1224084698936
Liquidambar_styraciflua,-87.54111,56602823,33.21194
Liquidambar_styraciflua,-98.875,1893411027,21.241667
Liquidambar_styraciflua,-97.142778,1896184865,18.809722
Liquidambar_styraciflua,-76.788543,2234435857,35.305447
Liquidambar_styraciflua,-76.850798,2242392128,40.965363
Liquidambar_styraciflua,-95.202222,1896184835,18.563333
Liquidambar_styraciflua,-78.767909,2234384559,36.077634
Liquidambar_styraciflua,-78.151686,2234438280,36.439401
Liquidambar_styraciflua,-79.3167,2234474714,36.012219
Liquidambar_styraciflua,-87.52084,56602820,33.19306
Liquidambar_styraciflua,-93.383333,2289713027,36.016667
Liquidambar_styraciflua,-89.81777,1260997115,36.55333
Liquidambar_styraciflua,134.608757,1830633432,33.965492
Liquidambar_styraciflua,-86.52409,1844418237,39.166229
Liquidambar_styraciflua,-81.223674,1844417786,35.485665
Liquidambar_styraciflua,-81.177027,1844417283,35.921026
Liquidambar_styraciflua,-97.278056,1896184906,19.922778
Liquidambar_styraciflua,-97.3059915347754,1895376299,18.8803552304627
Liquidambar_styraciflua,-86.523137,1844418022,39.160918
Liquidambar_styraciflua,-77.4661,1317682136,38.7967
Liquidambar_styraciflua,-77.5206,1322312310,39.1639
Liquidambar_styraciflua,-92.875,1895148851,17.075
Liquidambar_styraciflua,-86.31667,56602816,33.6
Liquidambar_styraciflua,-76.7275,1317242540,38.3261
Liquidambar_styraciflua,-76.3511,1318892277,37.8167
Liquidambar_styraciflua,-87.09416,1261927806,14.20833
Liquidambar_styraciflua,-92.899167,1895148868,17.159167
Liquidambar_styraciflua,-88.11667,56602821,30.25
Liquidambar_styraciflua,-76.9408,1320585984,38.4139
Liquidambar_styraciflua,-96.9275516931023,1895376367,19.5406193873732
Liquidambar_styraciflua,-89.36694,1257500859,14.38916
Liquidambar_styraciflua,-76.6853,1319309513,38.6267
Liquidambar_styraciflua,-87.4625,56602826,34.33083
Liquidambar_styraciflua,-89.46361,1260992692,37.405
Liquidambar_styraciflua,-99.583333,2290696179,24
Liquidambar_styraciflua,-99,1260855321,24
Liquidambar_styraciflua,-87.07527,1261927811,14.02527
Liquidambar_styraciflua,-77.3067,1318696726,38.8461
Liquidambar_styraciflua,12.746009,1705296349,56.022057
Liquidambar_styraciflua,-97.366667,1895953859,19.813611
Liquidambar_styraciflua,-77.165,1318070109,38.8672
Liquidambar_styraciflua,-98,1895953909,20.214167
Liquidambar_styraciflua,-77.1708,1318539713,38.8667
Liquidambar_styraciflua,-98.056944,1895953846,20.18
Liquidambar_styraciflua,-97.040219,1896184852,18.8548
Liquidambar_styraciflua,-97.021667,1896184943,18.828611
Liquidambar_styraciflua,-96.708333,1896184896,19.858333
Liquidambar_styraciflua,-76.9236,1317384372,38.9347
Liquidambar_styraciflua,-89.0167,1090546837,14.1333
Liquidambar_styraciflua,-98.150833,1895953874,20.272222
Liquidambar_styraciflua,-86.794722,1261927781,15.724445
Liquidambar_styraciflua,-77.001368,1929354893,38.464008
Liquidambar_styraciflua,-90.32166,1260973331,36.97583
Liquidambar_styraciflua,-93,1228331506,35
Liquidambar_styraciflua,-97.1625,1896184858,18.821944
Liquidambar_styraciflua,-74.640714,1927906975,39.450394
Liquidambar_styraciflua,-80.551844,1844416917,35.386797
Liquidambar_styraciflua,-87.86305,1261927754,14.54416
Liquidambar_styraciflua,-90.48222,1260976379,37.47277
Liquidambar_styraciflua,-85.830756,2242404402,38.782955
Liquidambar_styraciflua,-73.4825,1038955170,41.0811
Liquidambar_styraciflua,-74.386445,1929455574,40.641294
Liquidambar_styraciflua,-79.469477,2234384236,35.195434
Liquidambar_styraciflua,-76.9664,1318875985,38.9103
Liquidambar_styraciflua,-90.15972,1260930707,36.13416
Liquidambar_styraciflua,-80,1228183561,35.5
Liquidambar_styraciflua,-73.4399,1038951344,41.2069
Liquidambar_styraciflua,-74.441201,1928270349,40.642048
Liquidambar_styraciflua,-73.877114,1930810900,40.856459
Liquidambar_styraciflua,-74.05183,1928421168,40.292098
Liquidambar_styraciflua,-73.825973,1931022033,40.707107
Liquidambar_styraciflua,-73.4422,1038925337,41.075
Liquidambar_styraciflua,-76.535,1319338201,38.6861
Liquidambar_styraciflua,-73.823697,1928503134,40.616088
Liquidambar_styraciflua,-73.4826,1038982006,41.081
Liquidambar_styraciflua,-80.560662,2234437481,32.386861
Liquidambar_styraciflua,-95.4216,1705470327,31.323
Liquidambar_styraciflua,-74.61599,1931027998,40.258165
Liquidambar_styraciflua,-74.541051,1929895226,40.383703
Liquidambar_styraciflua,-74.390243,1931367662,40.394912
Liquidambar_styraciflua,5.75,616365294,50.88
Liquidambar_styraciflua,-90.37083,1257500842,15.47083
Liquidambar_styraciflua,-73.4228,1038996135,41.1186
Liquidambar_styraciflua,-73.4199,1038966289,41.0974
Liquidambar_styraciflua,-90.238889,1257500853,15.060833
Liquidambar_styraciflua,-73.4227,1038921972,41.1185
Liquidambar_styraciflua,-74.268217,1928072695,40.786625
Liquidambar_styraciflua,11.2453,296489852,46.4425
Liquidambar_styraciflua,-74.190515,1929610472,40.588435
Liquidambar_styraciflua,-73.898887,1930156136,40.86558
Liquidambar_styraciflua,-73.6386,1038961217,41.0692
Liquidambar_styraciflua,-76.9147,1322745413,38.8939
