allmb_name	gbif_species_key	num_occurrences	myco_state
Humiria_balsamifera	8196855	3941	arbuscular
Viola_riviniana	7296321	211728	arbuscular
Salix_aurita	5372876	151110	ecto
Salix_humboldtiana	5372914	2942	both
Viola_canina	5331258	108504	neither
Oxalis_corniculata_var._atropurpurea	8427624	64168	arbuscular
Lepidobotrys_staudtii	3990273	318	arbuscular
Euonymus_maackii	7265494	1162	neither
Gymnosporia_senegalensis	3793847	5669	arbuscular
Bryonia_dioica	6422396	61712	arbuscular
Coriaria_ruscifolia	3701768	1763	neither
Anisophyllea_purpurascens	3658103	463	arbuscular
Combretocarpus_rotundatus	3658134	191	neither
Fuscospora_cliffortioides	2874925	11785	ecto
Juglans_cinerea	3054352	5240	arbuscular
Morella_pubescens	3744993	2137	neither
Quercus_rotundifolia	2881550	1321016	ecto
Potentilla_neumaniana	8182596	142896	arbuscular
Potentilla_anserina	5367246	335618	arbuscular
Potentilla_hyparctica_subsp._elatior	5367620	2945	neither
Duchesnea_chrysantha	7631479	2892	arbuscular
Alchemilla_glabra	3027640	48022	arbuscular
Alchemilla_vulgaris	7890713	56176	neither
Alchemilla_xanthochlora	3028198	24933	arbuscular
Alchemilla_alpina	3027648	33665	arbuscular
Alchemilla_arvensis	5365013	54962	arbuscular
Alchemilla_glomerulans	3028402	9939	arbuscular
Sibbaldianthe_bifurca	3000723	1980	arbuscular
Fragaria_viridis	8400458	36851	arbuscular
Dasiphora_fruticosa	5370380	16633	arbuscular
Acaena_novae-zelandiae	5370755	24487	arbuscular
Acaena_minor	5371118	261	neither
Sarcopoterium_spinosum	3001879	5180	arbuscular
Agrimonia_eupatoria	3001956	193231	arbuscular
Rosa_canina	3002461	266825	arbuscular
Rosa_pendulina	3006974	29517	ecto
Rosa_spinosissima	3002333	44013	arbuscular
Rosa_persica	8258890	187	arbuscular
Rosa_maximowicziana	3004857	459	arbuscular
Rubus_ulmifolius	2996929	89938	arbuscular
Rubus_crataegifolius	2999200	3734	neither
Rubus_odoratus	2994912	6448	arbuscular
Rubus_fruticosus	2989764	271858	arbuscular
Geum_urbanum	5369652	347667	arbuscular
Geum_glaciale	5369889	378	neither
Filipendula_vulgaris	2988069	65964	arbuscular
Cercocarpus_ledifolius	8168453	1609	ecto
Purshia_tridentata	5370313	2534	arbuscular
Dryas_punctata	4889932	42860	ecto
Malus_ioensis	3001596	1603	arbuscular
Malus_pumila	3001093	116673	arbuscular
Malus_orientalis	3001509	72092	ecto
Malus_micromalus	3001102	180	arbuscular
Malus_prunifolia	3001157	1025	arbuscular
Malus_mandshurica	4272229	631	neither
Malus_sieboldii	3001650	4627	arbuscular
Docynia_indica	3025442	111	arbuscular
Malus_angustifolia	3001548	1547	arbuscular
Aronia_melanocarpa	5363627	4063	arbuscular
Photinia_prunifolia	5363844	521	arbuscular
Photinia_villosa	5363819	3221	arbuscular
Photinia_glabra	5363818	1393	ecto
Cydonia_oblonga	5362215	5315	arbuscular
Mespilus_germanica	3031774	25252	arbuscular
Sorbus_sibirica	3012167	474607	arbuscular
Amelanchier_ovalis	3023878	61216	arbuscular
Osteomeles_anthyllidifolia	3024832	562	arbuscular
Spiraea_chamaedryfolia	3026406	3851	arbuscular
Prunus_virginiana	3021850	117798	arbuscular
Prunus_microcarpa	3021376	312	ecto
Pygeum_topengii	3021682	211	arbuscular
Physocarpus_opulifolius	2988354	5886	arbuscular
Ficus_virens	9512597	5717	arbuscular
Ficus_pandurata	8037208	612	neither
Ficus_andicola	5361926	7014	arbuscular
Ficus_insipida	6358534	5112	arbuscular
Antiaris_toxicaria	7262663	4287	arbuscular
Parartocarpus_venenosus	3766049	614	arbuscular
Broussonetia_papyrifera	5361944	6147	arbuscular
Maclura_tinctoria	2984583	4886	arbuscular
Morus_alba	5361889	10626	arbuscular
Elatostema_parvum_var._parvum	7300859	261	arbuscular
Elatostema_platyphyllum	7300825	498	neither
Urera_glabra	2984330	372	arbuscular
Urera_caracasana	2984335	2936	neither
Boehmeria_zollingeriana	7300724	788	arbuscular
Boehmeria_cylindrica	2984345	5641	neither
Pipturus_albidus	7500826	1122	arbuscular
Pipturus_argenteus	6414892	3671	neither
Trema_micrantha	7141666	12198	arbuscular
Urtica_urens	5361815	73465	neither
Ulmus_carpinifolia	5361865	127029	arbuscular
Ziziphus_mauritiana	3039424	4657	arbuscular
Ceanothus_thyrsiflorus	3039379	1378	ecto
Alphitonia_excelsa	3039494	11835	arbuscular
Discaria_chacaye	5602883	228	arbuscular
Discaria_toumatou	5603124	1072	neither
Colletia_spinosissima	6371450	457	arbuscular
Rhamnus_alaternus	6371424	38398	arbuscular
Shepherdia_canadensis	5372427	5013	arbuscular
Elaeagnus_umbellata	7752288	10896	neither
Trifolium_repens	5358748	695678	arbuscular
Lathyrus_gmelinii	5356703	406	neither
Cicer_arietinum	2947311	90833	arbuscular
Astragalus_cicer	5343253	15429	arbuscular
Astragalus_glycyphyllos	5346998	60403	neither
Astragalus_alopecias	5344165	109	arbuscular
Astragalus_frigidus	5343710	5865	neither
Oxytropis_lambertii	5360970	2811	arbuscular
Oxytropis_mertensiana	5361127	191	neither
Oxytropis_savellanica	5361594	103	arbuscular
Oxytropis_latibracteata	5360828	21	arbuscular
Swainsona_phacoides	2943486	1595	arbuscular
Carmichaelia_australis	5348429	2149	neither
Astragalus_filicaulis	8391325	223	arbuscular
Onobrychis_arenaria_subsp._sibirica	2972841	3124	arbuscular
Onobrychis_biebersteinii	2972825	106	neither
Onobrychis_viciifolia	2972595	48607	arbuscular
Onobrychis_arenaria_subsp._tommasinii	2972841	3124	arbuscular
Onobrychis_grandis	2972737	45	arbuscular
Hedysarum_hedysaroides	2960823	5344	arbuscular
Hedysarum_spinosissimum	2960982	3249	arbuscular
Alhagi_maurorum	2945092	1862	arbuscular
Caragana_pygmaea	2943272	429	arbuscular
Wisteria_sinensis	2977331	1964	arbuscular
Wisteria_floribunda	2977323	3083	neither
Glycyrrhiza_glabra	2965732	2142	arbuscular
Lotus_uliginosus	5356854	251875	arbuscular
Dorycnium_hirsutum	2959124	14317	neither
Sesbania_sesban	2970648	4109	arbuscular
Glycine_max	5359660	144773	arbuscular
Lespedeza_maximowiczii	2955735	309	neither
Phaseolus_vulgaris	5350452	223125	arbuscular
Strongylodon_craveniae	2981517	227	neither
Cajanus_cajan	2960383	39764	arbuscular
Erythrina_fusca	5349620	1729	neither
Mucuna_pruriens	2951499	3356	arbuscular
Mucuna_gigantea	2951381	1660	neither
Platycyamus_regnellii	5358188	492	arbuscular
Mundulea_sericea	2933885	1449	arbuscular
Lonchocarpus_sericeus	2969156	4580	neither
Canavalia_rosea	2962021	5275	arbuscular
Canavalia_acuminata	2962165	113	neither
Centrosema_pubescens	2964904	4855	arbuscular
Clitoria_fairchildiana	2946600	734	neither
Eminia_holubii	5349217	44	arbuscular
Indigofera_tinctoria	2972043	2473	arbuscular
Bossiaea_obcordata	2968327	4000	arbuscular
Dillwynia_retorta	5348693	7102	ecto
Pultenaea_daphnoides	2956339	9042	arbuscular
Dalea_purpurea	5353342	4280	arbuscular
Crotalaria_incana	2942375	5323	arbuscular
Ulex_minor	2951968	17610	neither
Ulex_parviflorus_subsp._eriocladus	2952000	89601	arbuscular
Baptisia_bracteata	2976054	2934	arbuscular
Dalbergia_melanoxylon	2968897	1482	arbuscular
Dalbergia_hupeana	2968584	608	neither
Dalbergia_miscolobium	2968927	1535	arbuscular
Dalbergia_monetaria	2968858	1460	neither
Machaerium_opacum	5355028	707	arbuscular
Machaerium_aculeatum	5354969	3911	neither
Aeschynomene_indica	2949250	6078	arbuscular
Pictetia_aculeata	5358205	178	arbuscular
Diphysa_floribunda	5357270	408	neither
Ormocarpum_trichocarpum	2954028	368	arbuscular
Arachis_hypogaea_var._peruviana	5353770	48360	arbuscular
Fissicalyx_fendleri	2943740	148	neither
Geoffroea_decorticans	2966692	526	arbuscular
Geoffroea_spinosa	2966693	584	neither
Nissolia_fruticosa	5355067	1571	arbuscular
Pterocarpus_santalinoides	5349244	4247	neither
Baphia_massaiensis	5352622	886	arbuscular
Baphia_laurifolia	5352590	850	neither
Ammodendron_bifolium	2971159	125	arbuscular
Sophora_microphylla	2959082	2053	neither
Leptolobium_elegans	2970516	3168	arbuscular
Diplotropis_martiusii	5355620	481	neither
Myroxylon_balsamum	5357190	1054	arbuscular
Dussia_lehmannii	2968245	1652	neither
Castanospermum_australe	2952129	1225	arbuscular
Cladrastis_kentukea	2945513	1228	arbuscular
Sophora_japonica	2963569	2081	neither
Myrospermum_frutescens	2976681	462	arbuscular
Vatairea_macrocarpa	2965132	703	arbuscular
Ateleia_glazioveana	5361709	263	arbuscular
Swartzia_simplex	5352047	2909	neither
Bobgunnia_madagascariensis	2981738	1496	arbuscular
Amburana_cearensis	2945821	948	arbuscular
Holocalyx_balansae	2943127	835	arbuscular
Aldina_latifolia	5360758	262	ecto
Andira_aubletii	2940383	450	arbuscular
Andira_inermis	2952214	3289	neither
Pterocarpus_angolensis	5349240	1615	arbuscular
Pterocarpus_lucens_subsp._lucens	5349254	1262	neither
Dalbergia_obtusifolia	2968541	53	arbuscular
Indigofera_linifolia_var._linifolia	2971525	3744	arbuscular
Pterodon_emarginatus	5342608	2289	arbuscular
Acacia_leiocalyx	2979974	3332	ecto
Acacia_dimidiata	2980626	1338	arbuscular
Acacia_holosericea	2978751	2937	ecto
Acacia_sparsiflora	2981156	438	ecto
Acacia_obtusifolia	2980237	4115	both
Acacia_confusa	2978466	1132	ecto
Acacia_tenuissima	2979227	1247	ecto
Acacia_eriopoda	2980796	319	arbuscular
Acacia_oswaldii	2980319	7064	arbuscular
Acacia_maidenii	2980396	3867	ecto
Acacia_crassicarpa	2979506	1160	ecto
Acacia_melanoxylon	2979000	40413	ecto
Acacia_mearnsii	2979775	17908	ecto
Acacia_platycarpa	2981312	1670	ecto
Acacia_ampliceps	2978547	416	arbuscular
Acacia_hylonoma	2979401	131	ecto
Senegalia_tenuifolia	2979126	2421	ecto
Acacia_furcatispina	3796132	337	arbuscular
Senegalia_glomerosa	2980360	5045	ecto
Vachellia_seyal	3974722	3983	ecto
Vachellia_nilotica	3974744	4183	arbuscular
Vachellia_cornigera	3795572	752	ecto
Vachellia_campechiana	7266124	1021	arbuscular
Vachellia_macracantha	3795445	1793	ecto
Vachellia_constricta	3795576	1184	arbuscular
Acacia_anegadensis			neither
Senegalia_senegal	3977346	3425	ecto
Senegalia_catechu	3796190	398	arbuscular
Zygia_racemosa	5580471	535	arbuscular
Zygia_longifolia	5347452	1295	neither
Albizia_corniculata	2972934	505	arbuscular
Albizia_myriophylla	2973009	164	neither
Archidendron_turgidum	2941467	106	arbuscular
Archidendron_ellipticum	8638856	457	arbuscular
Archidendron_lucidum	2941456	810	neither
Pithecellobium_clypearia	2941309	2140	arbuscular
Albizia_polycephala	2973294	1288	neither
Balizia_pedicellaris	2973147	1348	arbuscular
Hydrochorea_corymbosa	2977475	1310	neither
Havardia_albicans	2933859	641	arbuscular
Pithecellobium_unguis-cati	2962854	1904	neither
Viguieranthus_longiracemosus	2967957	12	arbuscular
Cojoba_arborea	2981383	1603	neither
Faidherbia_albida	5360150	2058	arbuscular
Inga_ruiziana	5357975	6859	neither
Acaciella_angustissima	2981071	6414	ecto
Calliandra_brevipes	2981785	913	arbuscular
Calliandra_bella	2981924	277	neither
Calliandra_parvifolia	2981824	699	ecto
Calliandra_trinervia	2982031	1120	neither
Calliandra_eriophylla	2982181	1674	arbuscular
Calliandra_carbonaria	2982031	1120	neither
Senegalia_visco	9657641	327	arbuscular
Mariosousa_dolichostachya	3794908	456	ecto
Albizia_inundata	2973063	972	arbuscular
Stryphnodendron_adstringens	2951737	1476	arbuscular
Parapiptadenia_pterosperma	2941639	397	neither
Parkia_ulei	5348860	373	arbuscular
Pseudopiptadenia_psilostachya	2952915	797	neither
Mimosa_polyantha	2969577	668	arbuscular
Pseudopiptadenia_contorta	2952922	1134	neither
Mimosa_pudica	2969284	8634	arbuscular
Parkia_multijuga	5348884	452	arbuscular
Prosopis_juliflora	5358460	4453	arbuscular
Prosopis_velutina	5358538	1375	neither
Prosopis_nigra	5358478	428	arbuscular
Prosopis_articulata	5358550	179	arbuscular
Prosopis_africana	5358514	3239	neither
Leucaena_retusa	2970404	297	arbuscular
Acacia_torulosa	2980904	1721	ecto
Cylicodiscus_gabunensis	2977092	281	arbuscular
Fillaeopsis_discophora	2981414	364	arbuscular
Elephantorrhiza_elephantina	2933010	705	arbuscular
Entada_polystachya	2976206	1487	neither
Calpocalyx_dinklagei	2932964	632	arbuscular
Xylia_evansii	2943690	259	neither
Adenanthera_pavonina	2951846	1902	arbuscular
Adenanthera_microsperma	2951851	423	neither
Adenanthera_malayana	2951860	44	arbuscular
Amblygonocarpus_andongensis	2975852	417	arbuscular
Pachyelasma_tessmannii	2944797	170	arbuscular
Erythrophleum_chlorostachys	2971187	9224	neither
Burkea_africana	5348890	5546	arbuscular
Parkinsonia_aculeata	5357217	7009	arbuscular
Tachigali_peruviana	2952587	1818	neither
Caesalpinia_pulcherrima	2958715	5018	arbuscular
Chamaecrista_mimosoides	2949769	9981	arbuscular
Chamaecrista_adiantifolia	2950290	456	neither
Cassia_fistula	5357108	2375	arbuscular
Batesia_floribunda	5357360	410	arbuscular
Melanoxylon_brauna	2945499	607	neither
Vouacapoua_pallidior	2940385	119	arbuscular
Haematoxylum_campechianum	2950903	2372	arbuscular
Ceratonia_siliqua	5356354	35327	arbuscular
Gymnocladus_assamicus	2944213	2	arbuscular
Dialium_guianense	2971008	3483	arbuscular
Cercis_canadensis	5353583	10420	arbuscular
Aphanocalyx_microphyllus_subsp._microphyllus	2954240	608	ecto
Brachystegia_boehmii	2952673	1840	ecto
Brachystegia_spiciformis	2952670	5318	both
Microberlinia_brazzavillensis	2941147	137	ecto
Oddoniodendron_normandii	2959962	35	ecto
Peltogyne_paniculata_subsp._pubescens	2952728	815	arbuscular
Isoberlinia_doka	2976331	4171	ecto
Gilbertiodendron_ogoouense	2941685	338	ecto
Plagiosiphon_emarginatus	2961132	313	arbuscular
Librevillea_klainei	2941198	473	ecto
Brownea_grandiceps	2970463	623	arbuscular
Dicymbe_uaiparuensis	2965715	87	ecto
Tamarindus_indica	2975768	7297	arbuscular
Afzelia_africana	5358300	4802	ecto
Paramacrolobium_coeruleum	2962899	501	ecto
Cynometra_retusa	2966937	332	arbuscular
Hymenostegia_pellegrinii	2963364	266	arbuscular
Cynometra_megalophylla	2966854	451	arbuscular
Daniellia_oliveri	2948733	4960	arbuscular
Macrolobium_acaciifolium	2948882	1865	arbuscular
Detarium_microcarpum	2961176	6085	arbuscular
Saraca_declinata	5359533	806	arbuscular
Intsia_bijuga	2963211	2083	ecto
Schotia_brachypetala	2959242	824	arbuscular
Cryptosepalum_tetraphyllum	2956480	205	ecto
Polygala_comosa	7293616	26653	arbuscular
Polygala_amara	4051803	5353	neither
Polygala_calcarea	8169088	19060	arbuscular
Polygala_penaea	4050594	370	arbuscular
Securidaca_diversifolia	5421445	2401	arbuscular
Bredemeyera_laurifolia	7293385	396	arbuscular
Polygala_serpyllifolia	3191414	43035	arbuscular
Carpolobia_alba	4049539	1290	arbuscular
Moutabea_guianensis	4051471	624	arbuscular
Xanthophyllum_flavescens	7580773	1073	arbuscular
Recchia_mexicana	7898222	98	arbuscular
Viscainoa_geniculata	7285858	445	arbuscular
Tribulus_cistoides	5421117	3712	neither
Balanites_aegyptiacus	5421115	6203	arbuscular
Tribulus_terrestris	5421116	17464	arbuscular
Guaiacum_sanctum	3189908	2147	neither
Larrea_tridentata	5421118	21622	arbuscular
Krameria_paucifolia	5687589	61	arbuscular
Krameria_erecta	5421448	1883	neither
Sisymbrium_irio	3046851	19095	arbuscular
Sisymbrium_altissimum	3046736	24438	neither
Thlaspi_montanum	9170718	109	arbuscular
Thlaspi_perfoliatum	3050631	36583	neither
Noccaea_caerulescens	3045463	30528	arbuscular
Cochlearia_groenlandica	5373235	2696	neither
Cochlearia_danica	5373254	38064	arbuscular
Arabidopsis_arenosa	3052509	29984	arbuscular
Arabidopsis_thaliana	3052436	130903	neither
Rorippa_islandica	3053144	13887	arbuscular
Rorippa_palustris	3053168	102352	neither
Lepidium_didymum	5377060	37029	arbuscular
Lepidium_ruderale	5376616	24094	neither
Lepidium_bidentatum	5377075	585	arbuscular
Lepidium_draba	5376961	34566	neither
Atamisquea_emarginata	7717320	216	arbuscular
Cynophalla_flexuosa	3873525	3650	neither
Maerua_angolensis	7273321	1921	arbuscular
Maerua_filiformis	3871641	211	neither
Boscia_angustifolia	5602553	876	arbuscular
Boscia_oleoides	5602447	162	neither
Azima_tetracantha	3796625	1062	arbuscular
Batis_maritima	5414196	2208	neither
Carica_papaya	2874484	5960	arbuscular
Cardamine_pratensis	7972010	364293	neither
Tropaeolum_majus	2889934	9098	arbuscular
Gonystylus_bancanus	3568838	185	arbuscular
Thymelaea_hirsuta	5523602	12737	neither
Daphne_laureola	5420853	40330	arbuscular
Muntingia_calabura	3152036	4687	arbuscular
Malva_sylvestris	3152374	92433	arbuscular
Sida_ammophila	5617250	1755	neither
Tilia_americana	3152042	10702	ecto
Bixa_orellana	2874863	5810	arbuscular
Helianthemum_oelandicum	7331276	19513	both
Cistus_ladanifer_subsp._sulcatus	6437976	557043	ecto
Perrottetia_longistylis	7688073	521	arbuscular
Pistacia_lentiscus	3190583	172416	arbuscular
Picramnia_antidesma	7329570	1562	arbuscular
Euscaphis_japonica	9464189	4027	arbuscular
Staphylea_bumalda	7326549	5759	arbuscular
Staphylea_pinnata	3686235	2361	neither
Ixerba_brexioides	3932625	3064	arbuscular
Anogeissus_leiocarpa	3698332	8848	arbuscular
Eucalyptus_obliqua	3176354	35280	ecto
Chamerion_angustifolium	8053718	320944	neither
Epilobium_montanum	3664083	166433	arbuscular
Bersama_abyssinica	3845259	1647	arbuscular
Geranium_lucidum	2890560	28970	neither
Geranium_dissectum	2890040	154801	arbuscular
Parthenocissus_inserta	3039193	19625	arbuscular
Sedum_adolphii	5690070	54	arbuscular
Echeveria_elegans	8315197	63	neither
Sedum_sarmentosum	5362004	2484	arbuscular
Sedum_alpestre	7334006	5966	neither
Aeonium_decorum	7334101	167	arbuscular
Sedum_rupestre			neither
Phedimus_hybridus	4201668	2511	arbuscular
Phedimus_spurius	4201607	21570	neither
Kalanchoe_delagoensis	2985940	2848	arbuscular
Kalanchoe_beharensis	4200862	223	neither
Crassula_rupestris	7557934	445	arbuscular
Crassula_perfoliata_var._minor	7172987	474	neither
Crassula_schimperi_subsp._schimperi	7334642	286	arbuscular
Crassula_aquatica	7565449	4936	neither
Orfilea_neraudiana	3054797	11	arbuscular
Myriophyllum_spicatum	5361760	66528	neither
Proserpinaca_palustris	2984291	2379	arbuscular
Saxifraga_granulata	7887000	85931	arbuscular
Saxifraga_cespitosa	3032796	13723	neither
Saxifraga_bronchialis	3032717	3972	arbuscular
Micranthes_foliolosa	5567695	3517	arbuscular
Micranthes_stellaris	5567578	31722	neither
Ribes_rubrum	2986097	99980	arbuscular
Chrysosplenium_oppositifolium	7526486	60507	neither
Itea_parviflora	5617117	937	arbuscular
Liquidambar_styraciflua	3152824	10513	arbuscular
Sedum_album	5362008	103540	neither
Soyauxia_gabonensis	3874443	329	arbuscular
Aucuba_japonica	3033077	5894	arbuscular
Galeopsis_tetrahit	5341300	246194	neither
Thymbra_capitata	5607804	48561	ecto
Plantago_lanceolata	8208358	717148	arbuscular
Eupatorium_cannabinum	5402943	248717	arbuscular
Cosmos_bipinnatus	3098912	4797	neither
Helichrysum_stoechas	7518700	45018	arbuscular
Gnaphalium_uliginosum	5390848	142673	arbuscular
Gnaphalium_supinum			neither
Phagnalon_rupestre	3150037	11558	arbuscular
Pulicaria_dysenterica	3095609	104696	arbuscular
Solidago_virgaurea	6446462	237003	arbuscular
Conyza_canadensis	3146791	196827	neither
Baccharis_salicifolia	3129643	8273	arbuscular
Tripolium_pannonicum	3098616	60945	arbuscular
Olearia_rani	5405099	4656	arbuscular
Artemisia_arenaria	3121476	170	arbuscular
Artemisia_borealis	8122301	582	neither
Artemisia_songarica	7777804	40	arbuscular
Artemisia_dracunculus	3121581	5499	arbuscular
Artemisia_armeniaca	8366310	288	arbuscular
Artemisia_annua	8373355	5986	arbuscular
Artemisia_maritima	7879222	6617	neither
Artemisia_pontica	8195160	1287	arbuscular
Artemisia_ludoviciana	3120950	9616	arbuscular
Artemisia_marschalliana	6064178	388	arbuscular
Chrysanthemum_zawadskii	3150753	1171	arbuscular
Glebionis_segetum	3141101	26860	arbuscular
Achillea_nobilis	3120024	5184	arbuscular
Achillea_setacea	3120066	1350	neither
Otanthus_maritimus	8278487	3380	arbuscular
Matricaria_chamomilla_var._recutita	8370958	140319	neither
Matricaria_matricarioides	3103791	200315	arbuscular
Tanacetum_balsamita	3118254	1284	arbuscular
Tanacetum_parthenifolium	3118514	410	neither
Tanacetum_cinerariifolium	3118284	656	arbuscular
Tanacetum_coccineum	3118616	645	neither
Tanacetum_corymbosum_subsp._corymbosum	3118216	31204	arbuscular
Anthemis_cotula	8035698	19771	arbuscular
Anthemis_cretica_subsp._argaea	7839493	4529	neither
Anthemis_arvensis	3102781	56715	arbuscular
Tripleurospermum_maritimum_subsp._inodorum	3104179	150089	arbuscular
Cota_tinctoria_subsp._subtinctoria	5390618	32602	arbuscular
Richteria_pyrethroides	5389430	608	arbuscular
Ursinia_anthemoides	3089033	1129	arbuscular
Doronicum_macrophyllum	8292300	155	arbuscular
Senecio_viscosus	3107855	67526	arbuscular
Packera_cymbalaria	3113982	795	neither
Tephroseris_atropurpurea	3130950	4702	arbuscular
Tephroseris_palustris_subsp._congesta	7363445	6380	neither
Ligularia_vellerea	5395551	239	arbuscular
Petasites_spurius	7675973	2248	arbuscular
Petasites_hybridus	3088301	69849	neither
Brachyglottis_repanda	3138474	5986	arbuscular
Lapsana_communis	3134857	268608	arbuscular
Taraxacum_arcticum	5394461	614	neither
Scorzoneroides_autumnalis	3133512	255950	arbuscular
Chondrilla_juncea	8537667	27467	arbuscular
Sonchus_oleraceus	8228544	239932	arbuscular
Lactuca_serriola	3140490	146759	arbuscular
Cicerbita_alpina	3087634	18263	neither
Hieracium_echioides	9457353	1216	arbuscular
Hieracium_vulgatum	7777868	7655	neither
Hieracium_umbellatum	3135329	110444	arbuscular
Pilosella_officinarum	7874303	332942	arbuscular
Cichorium_endivia	5392243	2261	arbuscular
Tragopogon_pratensis	5386897	144038	arbuscular
Epilasia_hemilasia	3096136	78	neither
Scorzonera_humilis	3111049	63522	arbuscular
Gymnanthemum_amygdalinum	3130899	2323	arbuscular
Centaurea_jacea	3128547	301293	arbuscular
Centaurea_pulchella	3128723	270	neither
Carthamus_tinctorius	3138327	10348	arbuscular
Rhaponticoides_ruthenica	3128403	169	arbuscular
Serratula_tinctoria_subsp._tinctoria	5388835	44927	arbuscular
Saussurea_alpina	5404542	31949	arbuscular
Saussurea_nuda	5404462	314	neither
Arctium_minus	5393103	116310	arbuscular
Cousinia_microcarpa	3101933	215	arbuscular
Cirsium_arvense	3113414	573171	arbuscular
Cirsium_brevipapposum	9289510	1	neither
Carduus_nutans	8185959	50669	arbuscular
Cynara_cardunculus	3112364	6968	arbuscular
Carlina_vulgaris	3105380	90144	arbuscular
Echinops_sphaerocephalus	5392883	12425	arbuscular
Echinops_spinosissimus	5392840	787	neither
Tarchonanthus_camphoratus	3141279	1170	arbuscular
Moquiniastrum_polymorphum	7575247	2798	arbuscular
Dasyphyllum_brasiliense	5389251	1253	arbuscular
Dampiera_stricta	7262323	9959	arbuscular
Alseuosmia_macrophylla	3686201	3008	arbuscular
Campanula_fragilis	5410186	280	arbuscular
Campanula_scheuchzeri	5410226	22548	both
Campanula_lasiocarpa	5411731	1912	arbuscular
Campanula_patula	5410564	77588	arbuscular
Campanula_rapunculoides	5410436	54140	arbuscular
Campanula_hohenackeri	5410717	2263	neither
Phyteuma_orbiculare	3166655	42048	arbuscular
Phyteuma_hemisphaericum	3166609	11618	neither
Asyneuma_canescens	3168201	394	arbuscular
Adenophora_liliifolia	5409500	1539	arbuscular
Codonopsis_clematidea	8569825	467	arbuscular
Lobelia_dortmanna	5408512	24292	arbuscular
Carpodetus_serratus	3932516	18050	arbuscular
Escallonia_myrtilloides	8376201	2282	arbuscular
Sambucus_sibirica	2888723	113717	arbuscular
Sambucus_racemosa_subsp._sieboldiana	2888723	113717	neither
Viburnum_orientale	3857121	53	arbuscular
Viburnum_dilatatum	2888584	5285	neither
Weigela_subsessilis	3856121	2156	arbuscular
Weigela_florida	2888730	3232	neither
Weigela_suavis	3856132	8	arbuscular
Lonicera_japonica	5334240	19632	arbuscular
Lonicera_webbiana	7272607	579	neither
Lonicera_microphylla	5598646	494	arbuscular
Lonicera_caerulea_var._pallasii	5334269	9376	neither
Lonicera_hispida	7272731	933	arbuscular
Lonicera_caprifolium	5334227	6724	arbuscular
Lonicera_etrusca	5334247	23385	neither
Lonicera_implexa	9558260	21488	arbuscular
Lonicera_periclymenum	5334277	294808	arbuscular
Lonicera_nummulariifolia	7272754	273	arbuscular
Patrinia_sibirica	5668821	449	arbuscular
Valerianella_locusta	2888778	59587	arbuscular
Valeriana_dioica	2888762	74994	neither
Succisa_pratensis	2888811	229755	arbuscular
Linnaea_borealis	5334220	66026	arbuscular
Quintinia_acutifolia	3932810	8616	arbuscular
Pennantia_corymbosa	3596592	4042	arbuscular
Pimpinella_major	5371874	76512	neither
Hedera_helix	8351737	450437	arbuscular
Berzelia_lanuginosa	5643057	1240	arbuscular
Ilex_verticillata	5414267	7211	arbuscular
Primula_farinosa	7931979	34197	arbuscular
Primula_pallasii	5414326	109229	neither
Primula_macrocalyx	8377689	200265	arbuscular
Primula_auricula	7974503	9247	arbuscular
Androsace_obtusifolia	4005658	2725	arbuscular
Androsace_triflora	8545553	42	neither
Anagallis_arvensis	8184903	195673	arbuscular
Lysimachia_terrestris	3169365	4105	neither
Anagallis_tenella	4005183	27076	arbuscular
Cyclamen_hederifolium	7127810	3980	arbuscular
Myrsine_divaricata	3721809	16807	arbuscular
Samolus_valerandi	3169313	37853	arbuscular
Maesa_lanceolata	7330870	3534	arbuscular
Planchonia_careya	5383741	5672	arbuscular
Vitellaria_paradoxa	2886750	15431	arbuscular
Allophyllum_integrifolium	5341614	105	arbuscular
Polemonium_caucasicum	2927850	14493	arbuscular
Polemonium_boreale	2927837	1332	neither
Fouquieria_diguetii	3874338	476	arbuscular
Stylogyne_turbacensis	7331069	868	arbuscular
Leucopogon_juniperinus	4010136	4781	arbuscular
Astroloma_humifusum	7288486	18236	neither
Epacris_microphylla_var._microphylla	7908557	5458	arbuscular
Epacris_impressa	8377116	22255	neither
Pyrola_minor	2888272	67560	ecto
Monotropa_uniflora	2888353	9974	neither
Arctostaphylos_uva-ursi	2882580	70805	ecto
Monotropastrum_humile	4168795	1029	neither
Monotropa_hypopitys	2888342	36754	both
Enkianthus_quinqueflorus	7328257	280	arbuscular
Calluna_vulgaris	2882482	483866	neither
Clethra_barbinervis	3718199	3759	arbuscular
Actinidia_arguta	3189693	3696	arbuscular
Actinidia_kolomikta	7270682	1764	neither
Saurauia_parviflora	7270726	4098	arbuscular
Actinidia_polygama	3189692	2735	neither
Symplocos_stawellii	7318817	7719	arbuscular
Styrax_japonicus	5371678	8764	arbuscular
Diapensia_lapponica	5333323	8765	neither
Eurya_japonica	7152601	7079	arbuscular
Impatiens_walleriana	2891772	2191	arbuscular
Impatiens_capensis	2891774	15988	arbuscular
Impatiens_noli-tangere	2891779	73965	neither
Tetramerista_glabra	3593837	287	arbuscular
Souroubea_guianensis	7275879	1234	arbuscular
Cornus_suecica	3082246	37166	arbuscular
Loasa_bergii	9590100	81	neither
Aextoxicon_punctatum	4195638	345	arbuscular
Beta_vulgaris	8971274	103370	arbuscular
Silene_flos-cuculi	5384738	288162	neither
Paronychia_argentea	5528747	11889	ecto
Asteropeia_micraster	5835984	157	both
Schoepfia_brasiliensis	3685706	957	arbuscular
Gaiadendron_punctatum	7288046	4270	neither
Osyris_alba	3789029	18504	arbuscular
Santalum_acuminatum	3789456	5748	neither
Curatella_americana	7304064	3882	arbuscular
Gunnera_petaloidea	2984300	279	arbuscular
Styloceras_laurifolium	5635350	273	arbuscular
Banksia_ericifolia	7124454	6075	arbuscular
Banksia_marginata	7124257	22403	neither
Telopea_speciosissima	3996729	1477	arbuscular
Embothrium_coccineum	7124132	713	neither
Conospermum_taxifolium	8410766	2344	arbuscular
Dilobeia_thouarsii	7590974	437	neither
Platanus_occidentalis	3152820	7665	arbuscular
Meliosma_myriantha	7269664	2575	arbuscular
Corydalis_alpestris	5531590	111	arbuscular
Corydalis_solida	5334208	26474	neither
Macleaya_cordata	5334194	2098	arbuscular
Bocconia_frutescens	2888374	3535	neither
Argemone_mexicana	2888485	4468	arbuscular
Papaver_somniferum	2888439	30575	neither
Stauntonia_hexaphylla	4191611	1433	arbuscular
Ranunculus_acris	3033363	592789	arbuscular
Pulsatilla_vulgaris	3033621	40785	neither
Amischotolype_hispida	2764969	503	arbuscular
Tradescantia_zebrina	2765359	1835	neither
Heliconia_psittacorum	2760669	2784	arbuscular
Saranthe_composita	2762120	85	neither
Musa_acuminata_subsp._truncata	2762680	2788	arbuscular
Oenocarpus_bataua	2735462	53097	arbuscular
Eleusine_indica	2705953	24951	arbuscular
Cleistogenes_squarrosa	2706207	310	neither
Sporobolus_michauxianus	9592414	3615	arbuscular
Sporobolus_anglicus	9398259	21745	neither
Sporobolus_rigidus	9278137	1334	arbuscular
Sporobolus_cryptandrus	2704769	4711	arbuscular
Sporobolus_africanus	4152259	9753	arbuscular
Zoysia_tenuifolia	2704740	1332	arbuscular
Eragrostis_pilosa	2705400	15891	arbuscular
Eragrostis_poaeoides			neither
Pogonarthria_squarrosa	4105701	1489	arbuscular
Uniola_paniculata	2702847	901	arbuscular
Enneapogon_polyphyllus	4152243	4986	arbuscular
Triraphis_mollis	7361239	2862	arbuscular
Centropodia_glauca	5680035	289	arbuscular
Rytidosperma_setifolium	4135675	2270	arbuscular
Schismus_barbatus	2704341	9263	neither
Danthonia_decumbens	2703250	142978	arbuscular
Cortaderia_selloana	2704523	10107	arbuscular
Chionochloa_rigida	4148765	1310	arbuscular
Phragmites_vulgaris	5290149	519311	arbuscular
Setaria_glauca	5828197	65507	arbuscular
Echinochloa_crus-galli	2702808	113034	neither
Digitaria_violascens	5289995	4889	arbuscular
Digitaria_longiflora	5289974	3835	neither
Digitaria_ischaemum	5290003	24003	arbuscular
Digitaria_sanguinalis	5289972	61875	arbuscular
Zea_mays	5290052	237750	arbuscular
Gynerium_sagittatum	5289743	1155	arbuscular
Lophatherum_gracile	4129475	2406	arbuscular
Aristida_adscensionis	2706277	14239	arbuscular
Aristida_holathera_var._holathera	4126814	7665	neither
Stipagrostis_uniplumis_var._uniplumis	4130126	2046	arbuscular
Stipagrostis_pennata	4130370	188	neither
Festuca_filiformis	2705011	48598	arbuscular
Festuca_hyperborea	2704971	316	neither
Festuca_bromoides	5289598	34748	arbuscular
Festuca_baffinensis	2704993	1204	arbuscular
Festuca_quadriflora	4116348	11938	arbuscular
Festuca_contracta	4126093	373	neither
Festuca_arundinacea_subsp._orientalis	5289769	192246	arbuscular
Lolium_perenne	2706241	482461	arbuscular
Catapodium_rigidum	2705228	35797	arbuscular
Cutandia_memphitica	2706169	754	neither
Parapholis_incurva	5290069	8748	arbuscular
Cynosurus_cristatus	2704395	214581	arbuscular
Lamarckia_aurea	5289762	8686	arbuscular
Helictochloa_pratensis	6559939	45764	arbuscular
Avenella_flexuosa	4149465	435076	neither
Deschampsia_chapmanii	5827799	203	arbuscular
Deschampsia_cespitosa_subsp._borealis	8059811	446115	neither
Holcus_mollis	2706163	214246	arbuscular
Echinaria_capitata	5674620	5184	arbuscular
Alopecurus_geniculatus	5290090	177126	arbuscular
Alopecurus_aequalis	5290083	42569	neither
Alopecurus_pratensis	5290081	278888	arbuscular
Alopecurus_glacialis	4107964	73	neither
Alopecurus_arundinaceus	5290087	6653	arbuscular
Alopecurus_vaginatus	5671926	266	neither
Alopecurus_myosuroides	5290097	51234	arbuscular
Beckmannia_syzigachne	5290059	4034	arbuscular
Apera_spica-venti	5289642	68145	neither
Phleum_alpinum	8952395	43247	arbuscular
Phleum_arenarium	2706011	18539	neither
Phleum_montanum	4139446	316	arbuscular
Phleum_hirsutum	4139625	3631	arbuscular
Poa_colensoi	4137991	5849	arbuscular
Poa_arctica_var._vivipara	2704207	8187	neither
Poa_bulbosa_var._bulbosa	8086756	44964	arbuscular
Milium_vernale	2706195	2390	arbuscular
Avenula_pubescens	2703793	94459	arbuscular
Puccinellia_nuttalliana	2704691	1696	arbuscular
Puccinellia_maritima	2704687	39669	neither
Puccinellia_macquariensis	4147702	134	arbuscular
Agrostis_gigantea	2706541	81480	arbuscular
x_Calammophila_baltica	4106313	1986	neither
Calamagrostis_stricta_subsp._inexpansa	2704899	11199	arbuscular
Calamagrostis_canescens	4108861	100141	neither
Calamagrostis_canadensis	2704895	9456	arbuscular
Calamagrostis_arundinacea	4109084	60578	arbuscular
Calamagrostis_pseudophragmites	4108217	3934	arbuscular
Chascolytrum_subaristatum	4149785	3884	arbuscular
Briza_maxima	2702792	35529	arbuscular
Anthoxanthum_arcticum	2703334	431	arbuscular
Anthoxanthum_monticola_subsp._alpinum	4133679	4594	neither
Anthoxanthum_australe	4134120	3848	arbuscular
Phalaris_aquatica	5289746	27057	arbuscular
Koeleria_macrantha	2705914	40039	arbuscular
Koeleria_eriostachya	4151043	320	neither
Gaudinia_fragilis	5290242	16478	arbuscular
Rostraria_cristata	5289906	17407	arbuscular
Trisetum_flavescens	2704389	132317	arbuscular
Helictotrichon_desertorum_subsp._basalticum	4153075	354	arbuscular
Avena_barbata	2705300	90152	arbuscular
Lagurus_ovatus	5290177	18380	arbuscular
Hordeum_vulgare_subsp._vulgare	2706056	296182	arbuscular
Leymus_lanatus	4130278	47	neither
Elymus_repens	5290299	377735	arbuscular
Aegilops_crassa	9198426	897	arbuscular
Aegilops_tauschii	5289779	5491	arbuscular
Aegilops_cylindrica	5289783	7952	neither
Aegilops_speltoides	5289790	3207	arbuscular
Triticum_spelta	7795888	521316	arbuscular
Elymus_elongatus	4125808	5244	arbuscular
Thinopyrum_pungens	5289896	9201	neither
Elymus_fibrosus	4110465	684	arbuscular
Bromus_erectus	7647071	196211	arbuscular
Bromus_sewerzowii	4932851	48	neither
Bromus_benekenii	4144085	19594	arbuscular
Brachypodium_sylvaticum	5290146	235440	arbuscular
Melica_ciliata	2703124	33667	arbuscular
Glyceria_notata	4105780	34602	neither
Oryzopsis_miliacea	4141737	32513	arbuscular
Nardus_stricta	2702717	209441	arbuscular
Dendrocalamus_giganteus	4145704	269	arbuscular
Gigantochloa_verticillata	2703311	234	neither
Bambusa_multiplex	2705757	938	arbuscular
Cephalostachyum_pergracile	4123063	191	arbuscular
Nastus_productus	5679435	160	arbuscular
Guadua_angustifolia	4155017	2493	arbuscular
Raddiella_esenbeckii	4144842	631	arbuscular
Oldeania_alpina	9550588	326	arbuscular
Phyllostachys_reticulata	5677245	2419	neither
Sasa_veitchii	4128359	1061	arbuscular
Microlaena_stipoides	2702866	53493	arbuscular
Flagellaria_indica	5287564	5675	arbuscular
Lyginia_barbata	2731697	318	arbuscular
Carex_lurida	2722529	6736	arbuscular
Carex_lupulina	2727232	5407	neither
Carex_nigra	2724925	297086	arbuscular
Carex_aquatilis	2724150	35480	neither
Carex_pensylvanica	2724855	4422	arbuscular
Carex_pilulifera	2726614	148587	neither
Carex_baccans	2727853	1056	arbuscular
Carex_halleriana	2723055	42644	neither
Carex_sempervirens	2722326	46055	arbuscular
Carex_sylvatica	2722602	158961	neither
Carex_blanda	2728993	6587	arbuscular
Carex_vaginata	2725816	49072	neither
Carex_speciosa	2723697	227	arbuscular
Carex_caryophyllea	2727655	80464	neither
Carex_brunnescens	2728226	39353	arbuscular
Carex_canescens	2722942	120461	neither
Carex_cristatella	2725051	2630	arbuscular
Carex_vulpinoidea	2728060	10330	arbuscular
Carex_enervis	2729929	146	neither
Carex_cephalophora	2724783	3817	arbuscular
Carex_stipata	2725605	7370	arbuscular
Carex_divulsa	2722914	28442	arbuscular
Carex_spicata	2722210	50040	neither
Carex_bicknellii	2725637	1193	arbuscular
Carex_rostrata	2726725	181086	neither
Scirpus_atrovirens	2720120	3462	arbuscular
Scirpus_sylvaticus	2720080	166018	neither
Scirpus_cyperinus	2720171	6036	arbuscular
Blysmopsis_rufa	2710633	9492	arbuscular
Blysmus_compressus	2710650	15912	neither
Cyperus_surinamensis	2715295	4009	arbuscular
Cyperus_luzulae	2714679	5519	neither
Cyperus_strigosus	2716719	6377	arbuscular
Cyperus_fuscus	2716489	19706	neither
Cyperus_odoratus	2715219	12875	arbuscular
Cyperus_esculentus	2716226	14875	neither
Cyperus_polystachyos	2730407	11865	arbuscular
Cyperus_capitatus	2714938	3030	neither
Cyperus_ligularis	2715068	4280	arbuscular
Cyperus_laevigatus	2713559	5664	arbuscular
Cyperus_iria	2715729	8807	arbuscular
Cyperus_microiria	2715429	2448	neither
Cyperus_pygmaeus			arbuscular
Pycreus_flavescens	2730906	7354	arbuscular
Pycreus_puncticulatus	2715643	31	neither
Lipocarpha_mexicana	9267096	103	arbuscular
Ficinia_nodosa	2711622	8994	arbuscular
Isolepis_aucklandica	2713042	1269	neither
Schoenoplectiella_supina	2710765	1706	arbuscular
Schoenoplectiella_juncoides	2710716	2940	neither
Schoenoplectus_pungens_var._badius	2711190	7746	arbuscular
Schoenoplectus_lacustris	2710941	71066	neither
Bolboschoenus_fluviatilis	7953794	2544	arbuscular
Eleocharis_palustris	2717002	177465	arbuscular
Eleocharis_erythropoda	2717342	3193	neither
Eleocharis_acuta	2716961	11168	arbuscular
Eleocharis_dulcis	2717712	2917	arbuscular
Eleocharis_uniglumis	2717910	37441	neither
Eleocharis_acutangula_subsp._breviseta	2716800	1676	arbuscular
Fimbristylis_miliacea	2709171	4373	arbuscular
Fimbristylis_dichotoma	2708808	27254	neither
Fimbristylis_eragrostis	2709044	280	arbuscular
Bulbostylis_densa	5292267	2256	arbuscular
Bulbostylis_capillaris	7771445	1131	neither
Rhynchospora_cephalotes	2721655	3239	arbuscular
Rhynchospora_corymbosa	2721495	6209	arbuscular
Rhynchospora_alba	2721119	51631	neither
Lagenocarpus_guianensis	5292972	338	arbuscular
Tetraria_capillaris	2718441	3060	arbuscular
Mesomelaena_pseudostygia	5291372	234	neither
Oreobolus_furcatus	2711912	203	arbuscular
Machaerina_mariscoides	5291112	427	arbuscular
Machaerina_angustifolia	5291145	273	neither
Lepidosperma_lineare	2731147	133	arbuscular
Caustis_flexuosa	2718189	5495	arbuscular
Caustis_dioica	2718179	419	neither
Cladium_jamaicense	2731327	26123	arbuscular
Scleria_gaertneri	6311944	4725	arbuscular
Hypolytrum_pulchrum	2709339	506	arbuscular
Juncus_balticus	2702048	14926	arbuscular
Juncus_arcticus_subsp._arcticus	2701151	7828	neither
Juncus_nodosus	2701592	3525	arbuscular
Juncus_conglomeratus	2701418	180361	neither
Luzula_hawaiiensis_var._hawaiiensis	2701026	381	arbuscular
Luzula_luzuloides	2700874	46444	neither
Ananas_comosus	5288819	11235	arbuscular
Aechmea_stelligera	2698220	64	neither
Fernseea_itatiaiae	2693674	106	arbuscular
Hechtia_podantha	2698721	497	arbuscular
Deuterocohnia_longipetala	2699405	301	neither
Vriesea_limae	5289018	18	arbuscular
Sparganium_eurycarpum	2702394	2597	arbuscular
Sparganium_natans	2702384	29726	neither
Molineria_capitulata	5325471	878	arbuscular
Hyacinthoides_non-scripta	5304283	105438	arbuscular
Polygonatum_verticillatum	2770004	50422	neither
Chrysodracon_hawaiiensis	5304685	114	arbuscular
Dactylorhiza_sambucina	8231647	24685	ecto
Dactylorhiza_maculata	8179794	141100	neither
Ticorea_tubiflora	3835658	197	arbuscular
Ionopsis_utricularioides	5321877	921	neither
Vanda_brunnea	2783189	34	arbuscular
Dienia_ophrydis	2813396	374	arbuscular
Liparis_loeselii	5323092	15062	neither
Epipactis_helleborine	8998684	149755	ecto
Epipactis_palustris	5319226	58597	neither
Cephalanthera_damasonium	2795952	42837	ecto
Cephalanthera_longifolia	2795869	43078	neither
Apostasia_odorata	2795473	66	arbuscular
Neuwiedia_veratrifolia	2837241	134	neither
Colchicum_autumnale	2739622	68076	arbuscular
Gagea_nakaiana	5300184	48	neither
Dioscorea_communis	2755063	83263	arbuscular
Tacca_chantrieri	2755905	419	neither
Freycinetia_banksii	2863182	7848	arbuscular
Evodianthus_funifer	2861089	1615	neither
Tofieldia_calyculata	2864397	23533	arbuscular
Tofieldia_coccinea	2864343	1511	neither
Zannichellia_palustris	2756540	43367	arbuscular
Potamogeton_perfoliatus	5301200	64330	neither
Lagarosiphon_major	2865565	2828	arbuscular
Elodea_canadensis	2865448	66830	neither
Vallisneria_spiralis	2865526	3409	arbuscular
Hydrilla_verticillata	5329570	11702	neither
Sagittaria_latifolia	5328909	8584	arbuscular
Echinodorus_grandiflorus	5328834	1148	neither
Baldellia_ranunculoides	2864546	19645	arbuscular
Alisma_plantago-aquatica	2865100	193146	neither
Spirodela_polyrhiza	4097481	85013	arbuscular
Lemna_minor	2867589	198004	neither
Anthurium_pentaphyllum	2873047	2222	arbuscular
Arum_maculatum	5330580	146607	arbuscular
Calla_palustris	2869101	40306	neither
Caryodaphnopsis_fosteri	4180147	73	arbuscular
Laurus_nobilis	3034015	12220	arbuscular
Ocotea_auriculiformis	4177377	86	neither
Beilschmiedia_tawa	4182938	10441	arbuscular
Dehaasia_incrassata	4179558	408	arbuscular
Hedycarya_arborea	3783024	13881	arbuscular
Gyrocarpus_americanus	7326414	2608	arbuscular
Siparuna_guianensis	7264535	7748	arbuscular
Virola_sebifera	3152846	5296	arbuscular
Pseuduvaria_trimera	3157738	42	neither
Liriodendron_tulipifera	3152861	10780	arbuscular
Pseudowintera_colorata	4020812	22655	arbuscular
Piper_multinervium	3086337	9861	neither
Ascarina_lucida	3750413	3210	arbuscular
Illicium_anisatum	7314073	2449	arbuscular
Amborella_trichopoda	3667902	6092	arbuscular
Juniperus_oxycedrus	2684451	126809	arbuscular
Pinus_halepensis	5285604	351792	ecto
Macrozamia_communis	2683568	2442	arbuscular
Gnetum_latifolium	2653172	858	ecto
Ginkgo_biloba	2687885	4065	arbuscular
