allmb_name	gbif_species_key	num_occurrences	woody_state
Euphorbia_stygiana	3069679	1898	derived
Euphorbia_palustris	3064056	11281	non-woody
Euphorbia_aphylla	3069165	255	derived
Euphorbia_usambarica	3064520	110	ancestral
Euphorbia_mauritanica	7926635	785	non-woody
Euphorbia_lambii	3919699	77	derived
Euphorbia_villosa	8656882	188	non-woody
Euphorbia_celastroides	3069979	1170	derived
Euphorbia_hirta	3068937	15620	non-woody
Euphorbia_multiformis_var._microphylla	3065531	422	derived
Euphorbia_atoto	3065495	985	ancestral
Euphorbia_maculata	3067119	18305	non-woody
Euphorbia_misera	3066035	598	derived
Euphorbia_schlechtendalii	3068012	1295	ancestral
Euphorbia_milii	3067157	998	derived
Euphorbia_cooperi	3069097	226	ancestral
Euphorbia_knuthii_subsp._knuthii	3064075	72	non-woody
Euphorbia_balsamifera	3069871	1383	derived
Euphorbia_cuneata	3065338	276	ancestral
Euphorbia_crotonoides	3065947	103	non-woody
Euphorbia_herbstii	3065516	50	derived
Euphorbia_hyberna	3066567	6076	ancestral
Euphorbia_cyparissias	3070106	165665	non-woody
Viola_chamissoniana_subsp._tracheliifolia	5331174	395	derived
Viola_sagittata	5331364	4102	non-woody
Viola_wailenalenae	5331301	56	derived
Viola_riviniana	7296321	211728	non-woody
Cucumis_rigidus	3624525	85	derived
Cucumis_myriocarpus	7885624	3636	non-woody
Coccinia_grandis	2874564	2342	derived
Coccinia_adoensis	3624807	912	non-woody
Acanthosicyos_horridus	8327014	99	derived
Solena_heterophylla	5536848	1544	non-woody
Penelopeia_suburceolata	3622675	22	derived
Calycophysum_pedunculatum	7317788	150	non-woody
Psiguria_triphylla	3624442	953	derived
Psiguria_bignoniacea	3624043	1722	non-woody
Doyerea_emetocathartica	2874552	305	derived
Gurania_eriantha	3623682	680	ancestral
Dieterlea_fusiformis	3624166	89	derived
Ibervillea_sonorae	7317774	276	ancestral
Corallocarpus_glomeruliflorus	7825611	46	derived
Corallocarpus_bainesii	3623632	141	non-woody
Dendrosicyos_socotranus	5792703	49	derived
Sicyos_lanceoloideus	3624426	82	derived
Sicyos_angulatus	2874655	2948	non-woody
Begonia_merrittii	4158256	77	derived
Begonia_isoptera	8009293	258	non-woody
Begonia_beryllae	4158030	55	derived
Begonia_reniformis	2874716	744	derived
Begonia_glabra	7303342	2189	non-woody
Begonia_dichotoma	4157610	186	derived
Begonia_meyeri-johannis	4930932	357	derived
Begonia_oxyloba	4156666	623	non-woody
Begonia_baccata	4930960	33	derived
Begonia_ebolowensis	4157162	48	non-woody
Begonia_fruticosa	7303416	982	derived
Alchemilla_johnstonii	3028684	248	derived
Alchemilla_cryptantha	3027938	452	non-woody
Alchemilla_haumanii	3027762	29	derived
Alchemilla_ellenbeckii	8270904	184	non-woody
Alchemilla_subnivalis	3027643	119	derived
Alchemilla_elgonensis	3028258	9	derived
Alchemilla_polylepis	3025383	167	derived
Alchemilla_verticillata	3025345	114	ancestral
Acaena_elongata	5370941	1357	derived
Acaena_splendens	5370957	144	non-woody
Margyricarpus_alatus	3030140	200	derived
Margyricarpus_pinnatus	3030248	821	non-woody
Urtica_domingensis	7300680	11	derived
Urtica_ferox	5670293	1555	ancestral
Urtica_dioica	7960979	869192	non-woody
Gesnouinia_arborea	4101571	363	derived
Parietaria_judaica	5361801	39013	non-woody
Medicago_arborea	2965379	1842	derived
Medicago_sativa	9151957	153549	non-woody
Medicago_strasseri	2965237	25	derived
Medicago_lupulina	2965201	280729	non-woody
Ononis_natrix	2977234	26519	derived
Ononis_arvensis	2977149	176808	non-woody
Ononis_angustissima_subsp._longifolia	2977234	26519	derived
Ononis_spinosa	2977149	176808	ancestral
Oxytropis_aciphylla	5360999	121	derived
Oxytropis_lambertii	5360970	2811	non-woody
Oxytropis_echidna	5361081	3	derived
Oxytropis_campestris_var._gracilis	5361536	15103	non-woody
Colutea_arborescens	7844167	12004	derived
Sphaerophysa_salsula	5353525	597	non-woody
Sutherlandia_frutescens	5358193	926	derived
Lessertia_benguellensis	5360027	164	ancestral
Carmichaelia_australis	5348429	2149	derived
Swainsona_microphylla_subsp._glabrescens	2943452	1869	non-woody
Onobrychis_cornuta	2972756	377	derived
Onobrychis_viciifolia	2972595	48607	non-woody
Onobrychis_afghanica	2972842	26	derived
Corethrodendron_multijugum	2961023	150	derived
Taverniera_spartea	2970311	77	derived
Hedysarum_tanguticum	2961112	173	ancestral
Hedysarum_alpinum	2949263	2697	non-woody
Ebenus_cretica	5354894	263	derived
Lotus_campylocladus	5356890	277	derived
Lotus_corniculatus	5357013	481259	non-woody
Lupinus_chamissonis	2963889	969	derived
Lupinus_polyphyllus	2964355	108151	non-woody
Lupinus_longifolius	2964141	677	ancestral
Lupinus_albifrons	2964669	5279	derived
Lupinus_arboreus	2963807	4461	derived
Lupinus_excubitus	2964456	2205	derived
Lupinus_parvifolius	2963931	48	derived
Streblorrhiza_speciosa	2958136	10	derived
Trifolium_repens	5358748	695678	non-woody
Cytisus_scoparius	5354656	221189	ancestral
Chaunanthus_petiolatus	3042385	66	derived
Thelypodium_integrifolium	3053589	563	non-woody
Stanleya_pinnata	5373733	2224	derived
Streptanthus_tortuosus	3041559	1423	non-woody
Hesperidanthus_jaegeri	3047787	32	derived
Thysanocarpus_curvipes	3051417	3376	non-woody
Mostacillastrum_orbignyanum	3041246	148	derived
Mathewsia_incana	5377664	51	derived
Streptanthella_longirostris	3041931	1071	non-woody
Brassica_oleracea	3042845	33058	derived
Brassica_rapa_subsp._oleifera	7903057	49984	non-woody
Brassica_insularis	3042880	511	derived
Brassica_macrocarpa	3042797	79	derived
Brassica_balearica	3042911	244	derived
Brassica_spinescens	3042913	77	derived
Erucastrum_meruense	5375531	14	derived
Erucastrum_nasturtiifolium	5375555	10979	non-woody
Moricandia_arvensis	5376035	5023	derived
Eruca_vesicaria_subsp._sativa	5375920	12730	non-woody
Zilla_spinosa_subsp._spinosa	5376128	1100	derived
Sinapidendron_frutescens	3047763	97	derived
Sinapis_arvensis	3047598	202691	non-woody
Crambe_santosii	5373526	93	derived
Crambe_maritima	5373533	13358	non-woody
Crambe_strigosa	5373547	318	derived
Vella_spinosa	5375666	1365	derived
Carrichtera_annua	5375285	20245	non-woody
Hemicrambe_fruticulosa	3048696	46	derived
Thlaspi_apterocarpum	3052731	11	derived
Thlaspi_arvense	3047598	202691	non-woody
Elburzia_fenestrata	5376048	20	derived
Alliaria_petiolata	5376075	208120	non-woody
Cremolobus_peruvianus	3041482	120	derived
Kernera_saxatilis_subsp._boissieri	5374828	12429	non-woody
Iberis_saxatilis	5377289	3983	derived
Iberis_amara	5377163	8657	non-woody
Iberis_sempervirens	5551241	3275	derived
Draba_stylosa	3050305	18	derived
Draba_aretioides	3049764	30	non-woody
Draba_hallii	3049894	124	derived
Draba_chionophila	3049589	12	non-woody
Draba_lindenii	3050249	38	derived
Draba_pulvinata_subsp._pulvinata	3050227	33	derived
Draba_cocuyana	3049446	16	derived
Draba_aizoides	3049799	16005	non-woody
Dendroarabis_fruticulosa	3040783	67	derived
Arabis_hirsuta	9202524	63439	non-woody
Botschantzevia_karatavica	3050742	9	derived
Stevenia_canescens	7682192	21	derived
Stevenia_maximowiczii	3052553	327	non-woody
Stevenia_dahurica	3045086	36	derived
Alyssum_montanum	3044912	8830	derived
Alyssum_desertorum	3044743	2175	non-woody
Alyssum_tetrastemon	3044851	18	derived
Alyssum_dasycarpum	3045148	148	non-woody
Alyssum_lenense	3045096	378	derived
Alyssum_niveum	3044753	4	derived
Alyssum_caespitosum	3044774	22	derived
Alyssum_serpyllifolium	3044979	3652	derived
Alyssum_alyssoides	3044855	40836	non-woody
Alyssum_troodi	3045067	65	derived
Fibigia_umbellata	3051671	58	derived
Fibigia_clypeata	3051652	1638	non-woody
Alyssoides_cretica	3050537	136	derived
Hormathophylla_spinosa	3050712	3702	derived
Bornmuellera_tymphaea	3047125	105	derived
Aurinia_saxatilis	5377778	3892	derived
Berteroa_incana	3053522	39710	non-woody
Rhammatophyllum_pachyrhizum	3040770	28	derived
Euclidium_syriacum	3049314	1084	non-woody
Matthiola_incana	5377378	3452	derived
Matthiola_fruticulosa	5377429	7123	derived
Matthiola_parviflora	3053061	207	non-woody
Matthiola_torulosa	5377351	69	derived
Matthiola_longipetala	5377395	2408	non-woody
Iskandera_hissarica	3044435	3	derived
Parrya_albida	3053827	21	derived
Chorispora_tenella	3044349	2813	non-woody
Erysimum_scoparium	3048534	633	derived
Erysimum_subulatum	3048635	67	non-woody
Erysimum_senoneri	3048489	286	derived
Erysimum_perofskianum	3048131	152	non-woody
Erysimum_crassipes	3048616	435	derived
Erysimum_crepidifolium	3048522	1446	non-woody
Erysimum_maderense	3048057	37	derived
Erysimum_cheiranthoides	3048266	67021	non-woody
Boechera_formosa	3043531	157	derived
Boechera_lemmonii	3043593	920	non-woody
Boechera_lincolnensis	3043467	92	derived
Boechera_glaucovalvula	3043528	68	non-woody
Boechera_koehleri	3043299	142	derived
Boechera_perennans	3043206	1133	non-woody
Boechera_pulchra_var._pallens	3043531	157	derived
Boechera_stricta	3043392	3200	non-woody
Pachycladon_cheesemanii	5552489	101	derived
Stenopetalum_decipiens	3042367	376	derived
Stenopetalum_nutans	3042358	722	non-woody
Arabidella_trisecta	3040450	1208	derived
Harmsiodoxa_blennodioides	3041953	1534	non-woody
Physaria_fendleri	3049236	1534	derived
Physaria_ludoviciana	3048930	926	non-woody
Lyrocarpa_coulteri	3040711	386	derived
Dithyrea_californica	3053543	1004	non-woody
Lepidium_foliosum	5376605	729	derived
Lepidium_didymum	5377060	37029	non-woody
Lepidium_alyssoides	5377012	775	derived
Lepidium_virginicum	5376648	29225	non-woody
Lepidium_naufragorum	5376490	23	derived
Lepidium_phlebopetalum	5376550	3483	derived
Lepidium_squamatum	5376627	32261	non-woody
Lepidium_oblitum	9153012	30	derived
Cyphocardamum_aretioides	3042380	3	derived
Delpinophytum_patagonicum	3043050	25	derived
Descurainia_millefolia	3044107	354	derived
Descurainia_pinnata	3044133	6115	non-woody
Lobularia_canariensis_subsp._marginata	5373341	1152	derived
Lobularia_canariensis_subsp._canariensis	5373341	1152	non-woody
Diceratella_elliptica	5374684	91	derived
Anastatica_hierochuntica	3041976	583	non-woody
Parolinia_ornata	5377800	99	derived
Farsetia_stylosa	3047985	1136	derived
Lobularia_maritima	5373358	24980	non-woody
Aethionema_saxatile	3051094	4026	derived
Cardamine_dentata	7972010	364293	non-woody
Cleome_anomala	3871537	342	derived
Cleome_rutidosperma	9778787	2661	non-woody
Cleome_viridiflora	3873199	465	derived
Andinocleome_lechleri	7544780	144	derived
Andinocleome_pilosa	7499107	513	non-woody
Cleomella_arborea	7893492	2547	derived
Cleomella_serrulata	8145885	1858	non-woody
Reseda_scoparia	3916652	280	derived
Reseda_lutea	3040252	78363	non-woody
Reseda_viridis	3916513	22	derived
Ochradenus_baccatus	7275957	1284	derived
Ochradenus_arabicus	3916558	130	non-woody
Randonia_africana	3916683	189	derived
Malva_australiana	3935002	2236	derived
Malva_sylvestris	3152374	92433	non-woody
Malva_dendromorpha	3935079	7012	derived
Malva_wigandii	7279633	4431	derived
Malva_pacifica	3933211	75	derived
Dendrosida_sharpiana_subsp._pubescens	7279020	108	derived
Gossypium_hirsutum	3152661	23610	ancestral
Geranium_multiflorum	2890222	209	derived
Geranium_richardsonii	2890865	3143	non-woody
Geranium_cuneatum	2889996	416	derived
Geranium_bicknellii	2890075	2356	non-woody
Geranium_exallum	2890622	7	derived
Geranium_robertianum	2890668	388659	non-woody
Pelargonium_tragacanthoides	3826726	66	derived
Pelargonium_dolomiticum	3829055	180	non-woody
Pelargonium_antidysentericum	7268493	38	derived
Pelargonium_myrrhifolium	3827650	794	non-woody
Pelargonium_grandicalcaratum	3827438	62	derived
Pelargonium_zonale	9609002	716	derived
Pelargonium_alchemilloides	8588196	986	non-woody
Pelargonium_odoratissimum	2891612	334	derived
Pelargonium_grossularioides	2891614	226	non-woody
Pelargonium_capitatum	9711656	879	derived
Pelargonium_luridum	3828518	1330	non-woody
Pelargonium_panduriforme	2891607	109	derived
Sedum_moranense	5362028	614	derived
Sedum_anglicum	5687974	19894	non-woody
Aeonium_korneliuslemsii	2985682	1019	derived
Aichryson_laxum	7334818	466	non-woody
Sedum_praealtum	5362012	301	derived
Sedum_acre	5362007	153241	non-woody
Kalanchoe_manginii	4199439	57	derived
Kalanchoe_petitiana	4199124	64	non-woody
Kalanchoe_laciniata	2985933	335	derived
Kalanchoe_pinnata	2985930	3404	non-woody
Kalanchoe_synsepala	4198436	134	derived
Kalanchoe_delagoensis	2985940	2848	non-woody
Kalanchoe_scapigera	4198712	9	derived
Kalanchoe_blossfeldiana	2985944	218	ancestral
Kalanchoe_beharensis	4200862	223	derived
Kalanchoe_crenata	6441622	1026	derived
Cotyledon_orbiculata	5361969	1861	derived
Bryophyllum_pinnatum	2985930	3404	non-woody
Crassula_rupestris	7557934	445	derived
Crassula_deceptor	5688947	109	ancestral
Crassula_perfoliata_var._minor	7172987	474	derived
Crassula_arborescens	7334487	183	derived
Crassula_aquatica	7565449	4936	non-woody
Crassula_tetragona	7172747	592	derived
Crassula_sarcocaulis_subsp._rupicola	7172895	431	ancestral
Crassula_sieberiana	5362057	14565	non-woody
Echium_aculeatum	4064880	624	derived
Echium_vulgare	2925892	131458	non-woody
Echium_gentianoides	4059020	66	derived
Lithodora_fruticosa	5661164	9962	derived
Neatostema_apulum	4061000	5546	non-woody
Glandora_prostrata	7294611	3245	derived
Lithospermum_officinale	2926086	23973	non-woody
Tiquilia_greggii	8544519	483	derived
Halgania_cyanea	7294436	4340	ancestral
Ehretia_cortesia	4059927	179	non-woody
Micromeria_hyssopifolia	7307035	723	derived
Micromeria_juliana	7774615	1294	ancestral
Salvia_leucantha	6411750	897	derived
Salvia_coccinea	9278365	3689	non-woody
Salvia_tortuosa	7306887	376	derived
Salvia_haenkei	3900835	219	derived
Salvia_regla	2927054	590	derived
Salvia_sessei	3887736	487	derived
Salvia_cuspidata	7309440	623	derived
Salvia_corrugata	3905260	268	derived
Salvia_sagittata	3888514	283	derived
Salvia_dominica	3903762	1021	derived
Salvia_sclarea	2927000	3508	non-woody
Salvia_canariensis	7306552	526	derived
Salvia_verbenaca	6409706	40727	non-woody
Salvia_africana	3886290	530	derived
Salvia_lyrata	2927027	4688	non-woody
Salvia_garipensis	8117604	124	derived
Salvia_fruticosa	6412283	1634	derived
Salvia_officinalis	2927004	11744	non-woody
Salvia_cabulica	7306582	29	derived
Salvia_dentata	3904157	150	derived
Salvia_lavandulifolia	2927004	11744	ancestral
Salvia_pratensis_subsp._pratensis	2927007	98246	non-woody
Lavandula_buchii	7307864	188	derived
Lavandula_multifida	3891203	3285	ancestral
Lavandula_pinnata	7894021	98	derived
Lavandula_canariensis_subsp._canariensis	7307851	884	derived
Lavandula_latifolia	2927304	50438	ancestral
Lagochilus_cuneatus	5608371	15	derived
Lagochilus_ilicifolius	7308219	64	non-woody
Otostegia_fruticosa_subsp._schimperi	7307811	230	derived
Leonotis_ocymifolia_var._schinzii	7307634	1847	derived
Acrotome_inflata	3893741	426	non-woody
Moluccella_olgae	7762981	45	derived
Moluccella_laevis	2926881	648	non-woody
Acanthoprasium_frutescens	3895799	792	derived
Ballota_hirsuta	8376275	6959	ancestral
Ballota_nigra_subsp._uncinata	2926894	65125	non-woody
Phlomis_purpurea	7307046	28818	derived
Phlomis_crinita_subsp._malacitana	7307299	2551	ancestral
Phlomis_lychnitis	3887383	127734	derived
Phlomoides_rotata	7980234	206	non-woody
Sideritis_barbellata	3892304	36	derived
Sideritis_cretica_subsp._spicata	7862362	223	derived
Sideritis_romana	2926687	5939	non-woody
Phyllostegia_grandiflora	2926448	256	derived
Prasium_majus	3898574	3605	ancestral
Stachys_sylvatica	2927282	232167	non-woody
Castilleja_grisea	3170640	130	derived
Castilleja_miniata	3170719	5563	non-woody
Brandisia_hancei	3732880	494	derived
Melampyrum_pratense	7693914	169928	non-woody
Alectra_fruticosa	3724724	27	derived
Alectra_sessiliflora	7331592	2329	non-woody
Cyclocheilon_somaliense	3570693	33	derived
Radamaea_perrieri	3724548	29	derived
Erythranthe_parviflora	8379486	19	derived
Erythranthe_guttata	7346102	11643	non-woody
Diplacus_puniceus	5414624	1182	derived
Diplacus_douglasii	7551308	380	non-woody
Diplacus_aridus	5414620	51	derived
Diplacus_aurantiacus	5414628	4897	derived
Diplacus_mephiticus	8054934	695	non-woody
Hemichaena_coulteri	3725222	80	derived
Ruellia_foetida	5574618	320	derived
Ruellia_patula	5573538	1061	non-woody
Ruellia_jaliscana	5574236	74	derived
Ruellia_angustiflora	8317800	1701	derived
Ruellia_brevifolia	5415377	2094	non-woody
Ruellia_parryi	5415413	163	derived
Ruellia_nudiflora	5415380	2627	non-woody
Ruellia_brevicaulis	5575074	128	derived
Ruellia_blechum	5415469	3856	non-woody
Scrophularia_libanotica_subsp._libanotica	7332837	136	derived
Scrophularia_auriculata	3170875	82847	non-woody
Scrophularia_striata	3735699	92	derived
Scrophularia_xanthoglossa	3735218	933	non-woody
Scrophularia_deserti	3738208	229	derived
Scrophularia_glabrata	8044991	426	derived
Scrophularia_kurdica_subsp._glabra	7332869	27	derived
Scrophularia_lanceolata	3170878	2081	non-woody
Scrophularia_leucoclada	3737217	30	derived
Scrophularia_nodosa	3170886	187488	non-woody
Scrophularia_frutescens_var._frutescens	8132017	771	derived
Scrophularia_desertorum	3170883	181	ancestral
Verbascum_cystolithicum	3740337	9	derived
Verbascum_thapsus	3171949	107599	non-woody
Verbascum_spinosum	3735884	87	derived
Veronica_macrantha	3729676	390	derived
Veronica_derwentiana_subsp._maideniana	7332357	3884	derived
Veronica_plebeia	3172117	9467	non-woody
Veronica_tubata	3724701	63	derived
Veronica_lavaudiana	3730006	133	derived
Veronica_hectorii_subsp._coarctata	5830297	681	ancestral
Veronica_salicifolia	7331824	3654	derived
Veronica_speciosa	3172028	314	derived
Veronica_longifolia	3172118	24623	non-woody
Veronica_tetragona	7331657	552	derived
Veronica_chamaedrys	7874883	341220	non-woody
Veronica_venustula	3724463	247	derived
Plantago_trinitatis	4156058	9	derived
Plantago_virginica	3189751	3479	non-woody
Plantago_famarae	4156521	24	derived
Plantago_sempervirens	7303117	13900	non-woody
Plantago_webbii	4155514	187	derived
Plantago_arborescens	9344408	153	derived
Plantago_princeps_var._anomala	3189754	190	derived
Plantago_princeps_var._longibracteata	3189754	190	ancestral
Plantago_fernandezia	4156493	15	derived
Plantago_lanceolata	8208358	717148	non-woody
Aragoa_abietina	3741986	1132	derived
Globularia_cordifolia	7265184	28415	derived
Globularia_punctata	5578472	29398	non-woody
Globularia_sintenisii	5578484	47	derived
Globularia_nudicaulis	7265189	11828	non-woody
Globularia_alypum	7703240	14111	derived
Globularia_cambessedesii	5578468	46	ancestral
Poskea_socotrana	3788535	32	derived
Campylanthus_salsoloides	8164714	360	derived
Galvezia_fruticosa	3733296	111	derived
Maurandya_antirrhiniflora	3741449	1736	non-woody
Kickxia_aegyptiaca	7738378	1211	derived
Kickxia_elatine	3170819	29341	non-woody
Gambelia_juncea	8307949	163	derived
Linaria_vulgaris	5415020	194037	non-woody
Penstemon_fruticiformis	3171503	159	derived
Penstemon_thurberi	3171405	274	non-woody
Penstemon_incertus	3171588	176	derived
Penstemon_clevelandii	3171384	245	non-woody
Penstemon_tenuifolius	3730190	63	derived
Penstemon_barbatus	3171570	2600	non-woody
Penstemon_kunthii	3730926	1576	ancestral
Keckiella_breviflora	3170795	659	derived
Chelone_glabra	5414935	4175	non-woody
Russelia_laciniata	8298868	385	derived
Basistemon_spinosus	3734357	112	derived
Angelonia_integerrima	3742036	645	non-woody
Angelonia_campestris	3742222	347	derived
Monttea_chilensis	7332894	239	derived
Otacanthus_azureus	7760877	106	derived
Lavandula_stoechas	2927303	200458	ancestral
Lysionotus_pauciflorus	6365649	1459	derived
Agalmyla_parasitica	3823653	132	non-woody
Henckelia_longisepala	3824659	7	derived
Codonoboea_leucocodon	3823765	6	derived
Streptocarpus_papangae	5590685	57	derived
Streptocarpus_grandis	6365569	178	non-woody
Streptocarpus_campanulatus	5591400	46	derived
Paraboea_sinensis	6365575	309	derived
Rhynchotechum_discolor	6365531	1153	derived
Ramonda_nathaliae	6365090	45	non-woody
Codonanthopsis_crassifolia	3824299	1180	derived
Drymonia_serrulata	5590493	2383	derived
Drymonia_semicordata	5590501	930	non-woody
Lesia_savannarum	5589164	287	derived
Paliavana_prasinata	3824061	385	derived
Kohleria_tigridia	5592197	974	derived
Achimenes_longiflora	6365250	1007	non-woody
Moussonia_deppeana	5590599	1352	derived
Rhytidophyllum_auriculatum	5415322	346	derived
Besleria_notabilis	3824613	418	derived
Negria_rhabdothamnoides	5589523	106	ancestral
Besleria_solanoides	6365702	8456	derived
Micromeria_tenuis_subsp._linkii	7306857	69	derived
Forsythia_suspensa	5415056	1415	ancestral
Micromeria_leucantha	5608751	20	derived
Fraxinus_excelsior	3172358	568688	ancestral
Galium_angustifolium_subsp._gabrielense	2914865	789	derived
Galium_angustifolium_subsp._nudicaule	2914865	789	non-woody
Galium_hallii	2914507	74	derived
Galium_stellatum	2914884	700	derived
Galium_angulosum	2914960	9	derived
Galium_aparine	2913548	465738	non-woody
Rubia_fruticosa	2892284	1139	derived
Rubia_tinctorum	2892272	3086	non-woody
Rubia_agostinhoi	2892366	3010	derived
Rubia_cordifolia	2892192	3204	non-woody
Rubia_peregrina_subsp._longifolia	2892347	73159	ancestral
Mitracarpus_portoricensis	2912966	69	derived
Mitracarpus_hirtus	2912993	5878	non-woody
Mitracarpus_rigidifolius	2912913	183	derived
Mitracarpus_megapotamicus	2912930	547	non-woody
Mitracarpus_robustus	8397993	114	derived
Psyllocarpus_laricoides	2907975	1039	derived
Richardia_brasiliensis	5337499	3826	non-woody
Spermacoce_dispersa	2918464	37	derived
Spermacoce_capitata	2892008	2908	non-woody
Galianthe_brasiliensis	2902311	1961	derived
Borreria_alata	2918871	3964	non-woody
Ernodea_littoralis	2893696	1214	derived
Arcytophyllum_nitidum	2892716	3967	derived
Stenaria_nigricans	2909424	3781	non-woody
Hedyotis_caudatifolia	3845807	123	derived
Hedyotis_philippensis	2915775	182	non-woody
Hedyotis_fruticosa	9594482	107	derived
Leptopetalum_grayi	2895818	195	derived
Oldenlandia_diffusa	9264048	1362	non-woody
Hedyotis_verticillata	9469636	336	derived
Kadua_affinis	2906544	2688	derived
Hedyotis_korrorensis	2912105	72	derived
Oldenlandia_corymbosa	2911970	4987	non-woody
Hedyotis_terminalis	2906544	2688	derived
Hedythyrsus_spermacocinus	2898217	40	derived
Mitrasacmopsis_quadrivalvis	2900406	162	non-woody
Nesohedyotis_arborea	2895869	32	derived
Denscantia_cymosa	2892178	275	derived
Ditassa_retusa	3579540	584	derived
Blepharodon_mucronatum	9763251	1638	non-woody
Minaria_acerosa	3577092	873	derived
Matelea_pedalis	7311660	166	derived
Gonolobus_gonoloboides	3571046	49	non-woody
Matelea_calchaquina	3573668	2	derived
Matelea_maritima	3170535	437	non-woody
Matelea_cordifolia	9749570	129	ancestral
Diplolepis_menziesii	7502093	50	derived
Diplolepis_boerhaviifolia	8264647	63	non-woody
Asclepias_subaphylla	3573704	41	derived
Asclepias_albicans	3170348	472	derived
Asclepias_syriaca	3170247	15208	non-woody
Calotropis_procera	5414566	6100	derived
Gomphocarpus_fruticosus	7150619	6555	ancestral
Calciphila_gillettii	3621298	2	derived
Cynanchum_hastifolium	7312422	63	derived
Cynanchum_acutum	3571089	5107	non-woody
Cynanchum_floribundum	5525679	808	derived
Cynanchum_meyeri	3577491	52	derived
Schizostephanus_alatus	3573762	69	derived
Microloma_incanum	8042176	218	derived
Vincetoxicum_hirundinaria	5414548	68824	non-woody
Leptadenia_arborea	3580344	256	derived
Marsdenia_viridiflora	7311998	2633	non-woody
Hoya_carnosa	8658195	529	derived
Marsdenia_rostrata	7312090	6090	ancestral
Ixanthus_viscosus	3839773	232	derived
Centaurium_erythraea	5414457	105200	non-woody
Aripuana_cullmaniorum	3842504	19	derived
Macrocarpaea_sodiroana	3839935	75	ancestral
Symbolanthus_calygonus	8184585	572	derived
Chelonanthus_alatus	3844069	2878	non-woody
Exacum_fruticosum	3841164	32	derived
Exacum_oldenlandioides	3840827	186	non-woody
Tachiadenus_longiflorus	3839953	219	derived
Exochaenium_grande	3839714	608	non-woody
Nolana_galapagensis	3797912	20	derived
Lycium_barbarum	2928835	14490	non-woody
Lycium_chinense	2928809	3644	ancestral
Solanum_ochranthum	2929382	693	derived
Solanum_lycopersicum	2930137	83829	non-woody
Solanum_habrochaites	2929599	1908	derived
Solanum_appendiculatum	2929544	993	derived
Solanum_anceps	2929475	1230	derived
Solanum_tabanoense	2930434	78	derived
Solanum_torvum	2932389	11990	ancestral
Solanum_dulcamara	2932737	265340	non-woody
Nicotiana_glauca	2928783	13280	derived
Nicotiana_tabacum	2928774	21553	non-woody
Convolvulus_canariensis	3681333	244	derived
Convolvulus_siculus	3678083	2100	non-woody
Convolvulus_floridus	7943397	526	derived
Convolvulus_lanuginosus	7532470	5784	ancestral
Convolvulus_oxyphyllus	3680734	68	derived
Convolvulus_dorycnium	7815993	1166	derived
Convolvulus_arvensis	2928390	232524	non-woody
Stictocardia_tiliifolia	3677765	960	derived
Lepistemon_owariensis	7873674	277	non-woody
Turbina_corymbosa	5341706	2255	derived
Turbina_oblongata	5548802	314	non-woody
Argyreia_nervosa	2928692	586	derived
Ipomoea_arborescens	7324166	570	derived
Ipomoea_carnea_subsp._fistulosa	2928590	3549	derived
Ipomoea_batatas	2928551	31110	non-woody
Ipomoea_ancisa	8125492	149	derived
Trichogonia_hirtiflora	5387739	503	derived
Ageratum_conyzoides	5401673	15390	non-woody
Brickellia_tomentella	5388336	923	derived
Brickellia_scoparia	5388397	240	ancestral
Brickellia_eupatorioides	5388438	4114	non-woody
Brickellia_nutanticeps	5388387	127	derived
Ayapanopsis_oblongifolia	3104452	90	derived
Mikania_cordifolia	5398689	4656	ancestral
Eupatorium_cannabinum	5402943	248717	non-woody
Perityle_incana	3146381	89	derived
Perityle_emoryi	3146426	2605	non-woody
Deinandra_clementina	3106607	172	derived
Holocarpha_virgata	3091313	437	non-woody
Adenothamnus_validus	3098996	66	derived
Layia_glandulosa	5392986	2026	non-woody
Dubautia_ciliolata_subsp._ciliolata	3134942	333	derived
Dubautia_ciliolata_subsp._glutinosa	3134942	333	ancestral
Dubautia_menziesii	5392027	398	derived
Dubautia_reticulata	3134911	71	derived
Dubautia_latifolia	3134897	124	derived
Dubautia_knudsenii_subsp._knudsenii	3134875	183	derived
Dubautia_laxa	3134895	574	derived
Argyroxiphium_sandwicense	3118115	308	derived
Baeriopsis_guadalupensis	3143049	41	derived
Amblyopappus_pusillus	3140179	934	non-woody
Eriophyllum_staechadifolium	6443404	1132	derived
Eriophyllum_lanatum	3130472	5224	non-woody
Constancea_nevinii	3103322	233	derived
Apostates_rapae	5399546	10	derived
Bahia_ambrosioides	3095499	160	ancestral
Peucephyllum_schottii	3151869	966	derived
Schkuhria_pinnata	8346536	4679	non-woody
Pelucha_trifida	3148216	43	derived
Psathyrotes_ramosissima	3100729	458	non-woody
Calea_jamaicensis	3147667	919	derived
Calea_ternifolia	8388990	1738	non-woody
Porophyllum_punctatum	3104036	1238	derived
Porophyllum_lanceolatum	3103995	616	ancestral
Porophyllum_ruderale	3103948	4582	non-woody
Porophyllum_viridiflorum	3103958	456	derived
Porophyllum_gracile	3104005	1405	ancestral
Chrysactinia_mexicana	3151386	1039	derived
Tagetes_dianthiflora	4235615	8	derived
Tagetes_minuta	3088481	5708	non-woody
Bajacalia_tridentata	3140123	79	derived
Adenophyllum_cooperi	3132223	290	derived
Adenophyllum_porophyllum	3132238	436	non-woody
Schizotrichia_jelskii	5399434	9	derived
Dyssodia_papposa	5405417	2897	non-woody
Pseudoclappia_arenaria	3096639	89	derived
Flaveria_vaginata	3086871	20	derived
Flaveria_bidentis	3086861	1235	non-woody
Flaveria_cronquistii	3086855	68	derived
Flaveria_pringlei	3086832	152	non-woody
Varilla_mexicana	3118742	135	derived
Espeletia_grandiflora	3105059	3454	derived
Sigesbeckia_orientalis	3125901	10502	non-woody
Lecocarpus_lecocarpoides	3091146	16	derived
Acanthospermum_hispidum	3100375	4248	non-woody
Guizotia_arborescens	8196158	21	derived
Guizotia_abyssinica	8584304	2848	non-woody
Desmanthodium_fruticosum	3109868	265	derived
Galinsoga_quadriradiata	8298495	61010	non-woody
Aldama_santacatarinensis	8290546	40	derived
Viguiera_stenoloba	9292233	945	ancestral
Viguiera_dentata	5389737	3717	non-woody
Helianthus_winteri	7771885	27	derived
Helianthus_annuus	9206251	44229	non-woody
Encelia_hispida	3118773	19	derived
Encelia_canescens	8035320	326	ancestral
Encelia_conspersa	7601494	40	derived
Hymenostephium_cordatum	3100271	1551	derived
Encelia_farinosa	3118746	4608	ancestral
Bidens_menziesii_subsp._menziesii	5392027	398	derived
Bidens_pilosa	5391845	35758	non-woody
Bidens_segetum	5391954	978	derived
Bidens_squarrosa			non-woody
Bidens_cordylocarpa	5392179	61	derived
Bidens_aoraiensis	5392005	10	derived
Bidens_tripartita	5391862	107296	non-woody
Coreopsis_fasciculata	3134008	144	derived
Coreopsis_tinctoria	3133950	4803	non-woody
Coreopsis_mutica_var._carnosifolia	8872556	958	derived
Coreocarpus_dissectus	3122462	110	derived
Narvalina_domingensis	8324858	132	derived
Leptosyne_gigantea	3134001	621	derived
Leptosyne_bigelovii	9525084	585	non-woody
Helichrysum_melanacme	3131968	347	derived
Helichrysum_patulum	3131832	364	non-woody
Helichrysum_excisum	3131640	87	derived
Helichrysum_zeyheri	3131741	819	derived
Helichrysum_stoechas	7518700	45018	ancestral
Helichrysum_arenarium	3131809	16063	non-woody
Helichrysum_trilineatum	3131483	575	derived
Helichrysum_foetidum	7438716	1508	non-woody
Helichrysum_niveum	7926500	208	derived
Helichrysum_filicaule	3131313	895	non-woody
Helichrysum_glumaceum	3131195	468	derived
Helichrysum_citrispinum	3131876	182	derived
Helichrysum_callicomum	3131224	339	derived
Helichrysum_stuhlmannii	3131434	147	derived
Helichrysum_rugulosum	3132033	908	derived
Syncarpha_milleflora	3131924	708	derived
Syncarpha_vestita	3149783	907	non-woody
Phagnalon_saxatile	3150065	15185	derived
Phagnalon_rupestre	3150037	11558	ancestral
Cratystylis_conocephala	3098621	1345	derived
Gnaphalium_uliginosum	5390848	142673	non-woody
Pegolettia_retrofracta	3139183	656	derived
Pterocaulon_sphacelatum	5392227	3128	non-woody
Pluchea_oblongifolia	3132628	377	derived
Pluchea_carolinensis	3132710	2285	derived
Pluchea_odorata	3132617	4188	non-woody
Pluchea_indica	3132728	1201	derived
Pluchea_dioscoridis	3132635	1003	derived
Pluchea_dunlopii	3132615	511	derived
Pluchea_dentex	3132656	818	non-woody
Pluchea_sericea	3132675	1307	derived
Pluchea_sordida	3132726	86	derived
Streptoglossa_decurrens	3127352	871	derived
Streptoglossa_odora	3127351	980	non-woody
Tessaria_integrifolia	3114910	1301	derived
Karelinia_caspia	3130922	159	non-woody
Cylindrocline_commersonii	3144488	24	derived
Monarrhenus_salicifolius	3114377	172	derived
Chiliadenus_iphionoides	3089836	1888	derived
Dittrichia_viscosa	3101184	23606	non-woody
Varthemia_persica	3148613	134	derived
Inula_conyza	8241874	55228	non-woody
Hazardia_squarrosa	5389275	843	derived
Grindelia_stricta_var._stricta	3146233	4770	non-woody
Grindelia_chiloensis	3146198	307	ancestral
Haplopappus_glutinosus	3100503	197	derived
Isocoma_acradenia_var._eremophila	3099243	990	non-woody
Xylorhiza_orcuttii	5396052	2484	derived
Noticastrum_marginatum	3110254	759	derived
Heterotheca_villosa	5401977	5380	non-woody
Erigeron_socorrensis	3146997	40	derived
Erigeron_speciosus	3147146	2944	non-woody
Erigeron_fasciculatus	3147343	76	derived
Erigeron_ecuadoriensis	3146961	250	non-woody
Erigeron_othonnaefolius	4214180	0	derived
Erigeron_acris	3147080	56271	non-woody
Darwiniothamnus_tenuifolius	3089315	72	derived
Aster_lavandulifolius	5387550	13	derived
Aster_bellidiastrum	5385837	10200	non-woody
Aster_nitidus	5387390	9	derived
Aster_albescens_var._albescens	5387533	1230	derived
Aster_alpinus	5387396	15807	non-woody
Psiadia_viscosa	3129643	8273	derived
Baccharis_salicifolia	3129643	8273	ancestral
Bellis_perennis	3117424	368165	non-woody
Gonospermum_fruticosum	3117131	330	derived
Tanacetum_vulgare	3118274	212785	non-woody
Argyranthemum_frutescens	3104491	1435	derived
Leucanthemum_ircutianum_subsp._asperulum	5401008	15194	non-woody
Santolina_villosa	3125952	7779	derived
Senecio_filaginoides	3108649	638	derived
Senecio_flaccidus	3108316	4526	non-woody
Senecio_spartioides	3107552	1205	ancestral
Senecio_burchellii	3107727	796	derived
Senecio_madagascariensis	3107722	10418	derived
Senecio_inaequidens	3109086	79037	ancestral
Senecio_viridis	8284870	150	derived
Senecio_smithii	3108356	276	non-woody
Senecio_seminiveus	4218530	86	derived
Senecio_arenarius	8317215	522	non-woody
Senecio_glastifolius	8419686	468	derived
Senecio_pubiger	3106831	342	derived
Senecio_minimus	4933577	6354	non-woody
Senecio_monroi	3138434	120	derived
Senecio_vulgaris	3108983	268442	non-woody
Senecio_linifolius			derived
Senecio_pinifolius	8372099	314	derived
Faujasia_squamosa	5400134	123	derived
Emilia_sonchifolia	7376217	6484	non-woody
Monticalia_vaccinioides	3111221	1514	derived
Scrobicaria_ilicifolia	3087088	489	derived
Jessea_multivenia	3119954	212	non-woody
Pentacalia_arborea	3111182	74	derived
Hubertia_riparia	5388600	14933	derived
Pericallis_aurita	3087459	94	derived
Pericallis_cruenta	8303747	242	non-woody
Lordhowea_insularis	5401102	103	derived
Adenostyles_alliariae	3133702	21987	non-woody
Dendrosenecio_kilimanjari_subsp._cottonii	3118072	102	derived
Dendrocacalia_crepidifolia	3096516	84	derived
Culcitium_canescens	3108405	425	non-woody
Dendrophorbium_bomanii	3106963	106	derived
Packera_aurea	3114043	4201	non-woody
Kleinia_neriifolia	5405673	1453	derived
Jacobaea_vulgaris	5388602	209112	non-woody
Phaneroglossa_bolusii	5400015	42	derived
Dauresia_alliariifolia	5399557	46	derived
Lundinia_plumbea	5402472	160	derived
Sonchus_canariensis	3105785	112	derived
Sonchus_asper	3105782	258525	non-woody
Sonchus_hierrensis	3105828	443	derived
Launaea_lanifera	3144842	1122	derived
Launaea_arborescens	3144854	2402	derived
Launaea_sarmentosa	3144718	464	non-woody
Stephanomeria_guadalupensis	3141087	25	derived
Stephanomeria_pauciflora	3141076	2251	non-woody
Pleiacanthus_spinosus	3088912	552	derived
Munzothamnus_blairii	3144086	103	derived
Marshalljohnstonia_gypsophila	3090927	12	derived
Krigia_virginica	3132412	2554	non-woody
Tolpis_succulenta	3097207	2684	derived
Tolpis_barbata	3097166	10422	non-woody
Tolpis_farinulosa	3097147	38	derived
Centauropsis_decaryi	3091980	21	derived
Hilliardiella_oligocephala	3124745	1030	non-woody
Chionopappus_benthamii	3089275	47	derived
Sinclairia_discolor	5389382	408	ancestral
Gazania_schenckii	9591962	25	derived
Gazania_lichtensteinii	3112467	431	non-woody
Gazania_caespitosa	3112488	10	derived
Gazania_krebsiana	3112466	1861	non-woody
Hirpicium_bechuanense	3114489	290	derived
Hirpicium_echinus	3114448	293	non-woody
Gorteria_alienata	9597549	280	derived
Arctotis_cuprea	8234487	123	derived
Arctotis_stoechadifolia	5406226	440	non-woody
Centaurea_spinosa	3128393	258	derived
Centaurea_diffusa	3128962	2137	non-woody
Centaurea_ptosimopappa	3127659	38	derived
Centaurea_macrocephala	3129064	370	non-woody
Phonus_arborescens	3138372	725	derived
Carthamus_lanatus	9051760	23580	non-woody
Myopordon_persicum	3100676	29	derived
Oligochaeta_ramosa	9478654	115	non-woody
Centaurothamnus_maximus	3126503	34	derived
Rhaponticum_coniferum	3142200	16359	non-woody
Klasea_leptoclada	4217452	40	derived
Klasea_flavescens_subsp._flavescens	3091206	2096	non-woody
Cheirolophus_intybaceus_var._microcephalus	3097063	2166	derived
Serratula_tinctoria_subsp._tinctoria	5388835	44927	non-woody
Centaurodendron_palmiforme	3098633	43	derived
Plectocephalus_americanus	3128990	1896	non-woody
Jurinea_kopetensis	5392578	3	derived
Jurinea_mollis	6444162	517	non-woody
Cousinia_stechmanniopsis	3102091	2	derived
Cousinia_brachyptera	3102676	34	non-woody
Cousinia_stocksii	3102023	21	derived
Ptilostemon_chamaepeuce	3096862	772	derived
Cirsium_arvense	3113414	573171	non-woody
Amphoricarpos_neumayerianus	3090715	10	derived
Xeranthemum_inapertum	3144041	7467	non-woody
Staehelina_dubia	3112552	18165	derived
Carlina_falcata	3105401	32	derived
Carlina_vulgaris	3105380	90144	non-woody
Carlina_salicifolia	3105400	696	derived
Atractylis_arbuscula	5398267	24	derived
Atractylis_humilis	5398274	10947	non-woody
Goodenia_faucium	3762044	28	derived
Goodenia_cycloptera	3762348	2268	non-woody
Goodenia_ovata	7262256	14841	derived
Goodenia_pinnatifida	7262232	5527	non-woody
Goodenia_hassallii	3761324	63	derived
Goodenia_stobbsiana	3761975	137	derived
Goodenia_decurrens	3762316	422	derived
Goodenia_bellidifolia	7262229	4460	non-woody
Goodenia_pinifolia	3761540	186	derived
Verreauxia_reinwardtii	5569372	253	derived
Coopernookia_barbata	3761207	945	derived
Scaevola_taccada	7544936	4905	derived
Scaevola_ramosissima	7262317	3573	non-woody
Scaevola_angulata	5569324	372	derived
Scaevola_collaris	7842072	596	derived
Lechenaultia_biloba	7262225	900	derived
Dampiera_stricta	7262323	9959	ancestral
Stylidium_glandulosum	5543618	44	derived
Stylidium_graminifolium	7334893	16279	non-woody
Azorina_vidalii	3166266	1562	derived
Campanula_rotundifolia	5410907	297736	non-woody
Musschia_aurea	3164483	123	derived
Wahlenbergia_thunbergiana	5413609	123	derived
Wahlenbergia_cinerea	5410907	297736	derived
Wahlenbergia_hederacea	9612996	15097	non-woody
Heterochaenia_ensifolia	3166106	254	derived
Lobelia_laxiflora	5408996	3510	derived
Lobelia_dortmanna	5408512	24292	non-woody
Lobelia_gibberoa	5408376	478	derived
Lobelia_rotundifolia	5408396	96	derived
Clermontia_kakeana	5407709	342	derived
Cyanea_pilosa_subsp._longipedunculata	5412328	70	ancestral
Burmeistera_cyclostigmata	3161658	786	derived
Pratia_angulata	3160243	3296	ancestral
Valeriana_clematitis	4095577	685	derived
Valeriana_polystachya	7298904	188	non-woody
Valeriana_tomentosa	4094856	131	derived
Valeriana_nivalis	4094911	156	non-woody
Valeriana_decussata	7834110	155	derived
Valeriana_arborea	4095207	65	derived
Valeriana_microphylla	4095247	1546	derived
Valeriana_pilosa	8083409	1409	non-woody
Valeriana_rigida	4094868	321	derived
Valeriana_alypifolia	7298885	87	derived
Valeriana_officinalis	2888763	257626	non-woody
Pterocephalus_perennis	8320238	302	derived
Pterocephalus_plumosus	5671497	878	non-woody
Pterocephalus_spathulatus	8336328	425	derived
Myrrhidendron_donnell-smithii	7363341	300	derived
Niphogeton_dissecta	6027423	521	non-woody
Nirarathamnos_asarifolius	5832086	9	derived
Lomatium_parvifolium	3034284	192	non-woody
Daucus_tenuissimus	9439727	9	derived
Daucus_carota	3034742	345220	non-woody
Tornabenea_bischoffii	9274979	36	derived
Daucus_decipiens	9244277	177	derived
Bupleurum_fruticescens_subsp._fruticescens	6027094	16906	derived
Bupleurum_fruticescens_subsp._spinosum	6027094	16906	non-woody
Bupleurum_salicifolium	7605240	313	derived
Bupleurum_canescens_var._handiense	3638501	49	derived
Bupleurum_falcatum	6027105	42569	non-woody
Bupleurum_tenuissimum	3635987	8086	ancestral
Marlothiella_gummifera	3631870	30	derived
Phlyctidocarpa_flava	3639514	11	non-woody
Eryngium_bupleuroides	3632917	51	derived
Eryngium_ovinum	3628924	4758	non-woody
Eryngium_sarcophyllum	3642112	9	derived
Eryngium_campestre	3034426	113569	non-woody
Gymnophyton_polycephalum	3125344	167	derived
Asteriscium_closii	5385247	51	non-woody
Eremocharis_fruticosa	5538327	57	derived
Pozoa_coriacea	3631939	201	non-woody
Lysimachia_remyi_subsp._kipahuluensis	3169373	578	derived
Lysimachia_clethroides	3169331	4745	non-woody
Lysimachia_venosa	3169363	10	derived
Lysimachia_vulgaris	3169386	291916	non-woody
Impatiens_latifolia	7651532	63	derived
Impatiens_walleriana	2891772	2191	non-woody
Impatiens_flaccida	4193555	74	derived
Impatiens_henslowiana	4193604	48	derived
Impatiens_leschenaultii	8046392	4	derived
Impatiens_firmula	4193612	300	derived
Impatiens_duclouxii	4936428	84	derived
Impatiens_kerriae	4193650	18	derived
Impatiens_glandulifera	2891770	148655	non-woody
Impatiens_teitensis	7309678	81	derived
Impatiens_shirensis	4193936	60	derived
Mentzelia_arborescens	5646435	78	derived
Mentzelia_albicaulis	8584815	2220	non-woody
Mentzelia_scabra	7289741	591	derived
Fuertesia_domingensis	4021172	20	derived
Cevallia_sinuata	2874845	890	non-woody
Petalonyx_thurberi	2874840	861	derived
Kissenia_capensis	4931777	263	derived
Sesuvium_congense	3707049	18	derived
Sesuvium_hydaspicum	3706728	402	non-woody
Sesuvium_portulacastrum	3084883	6230	derived
Sesuvium_verrucosum	3084886	976	ancestral
Sesuvium_edmonstonei	3706995	73	derived
Drosanthemum_zygophylloides	3704559	19	derived
Drosanthemum_stokoei	3704684	38	non-woody
Drosanthemum_hispidum	3084869	268	derived
Drosanthemum_gracillimum	3705134	27	derived
Hereroa_hesperantha	3707362	56	derived
Orthopterum_coeganum	3707768	28	ancestral
Scopelogena_bruynsii	3707130	20	derived
Fenestraria_rhopalophylla	7329187	148	non-woody
Erepsia_anceps	3705703	287	derived
Drosanthemum_pulverulentum	3704772	32	derived
Lithops_karasmontana_var._karasmontana	7329209	136	ancestral
Cephalophyllum_herrei	3702866	44	derived
Cephalophyllum_ebracteatum	3702923	78	non-woody
Leipoldtia_schultzei	3704248	484	derived
Vanzijlia_annulata	3703378	89	ancestral
Ruschia_cradockensis	7329291	174	derived
Psammophora_modesta	5554732	115	derived
Argyroderma_fissum	3705796	158	non-woody
Zeuktophyllum_suppositum	8658704	9	derived
Carpobrotus_edulis	3084842	7359	ancestral
Malephora_crocea	3084858	313	derived
Disphyma_australe_subsp._australe	7552617	545	non-woody
Ruschia_senaria	5555111	16	derived
Antimima_aurasensis	5554838	8	derived
Brianhuntleya_intrusa	3703898	45	derived
Acrodon_subulatus	5555063	33	non-woody
Drosanthemum_floribundum	3084872	737	derived
Eberlanzia_sedoides	5554460	82	derived
Mesembryanthemum_crystallinum	3084839	6316	non-woody
Kewa_angrae-pequenae	8076352	47	derived
Kewa_salsoloides	7738737	744	non-woody
Hectorella_caespitosa	3701797	252	derived
Montia_fontana	9004024	47696	non-woody
Psammotropha_quadrangularis	3783550	161	derived
Adenogramma_glomerata	3783531	241	non-woody
Polpoda_capensis	3783351	82	derived
Pharnaceum_detonsum	3783619	51	derived
Pharnaceum_lanatum	3783460	120	non-woody
Pharnaceum_confertum	3783675	78	derived
Pharnaceum_albens	7950530	82	derived
Pharnaceum_brevicaule	3783739	101	derived
Charpentiera_obovata	5384317	353	derived
Ptilotus_obovatus	7323691	8407	derived
Amaranthus_retroflexus	6109534	46977	non-woody
Leucosphaera_bainesii	5548611	292	ancestral
Bosea_yervamora	9460392	305	derived
Pleuropterantha_revoilii	4931284	35	derived
Allenrolfea_occidentalis	3083574	904	derived
Tecticornia_indica_subsp._leiostachya	7340130	2933	ancestral
Salicornia_europaea	5383956	23479	non-woody
Sarcocornia_fruticosa	5567884	6356	derived
Suaeda_vera	6035538	7099	derived
Suaeda_nigra	3083536	1224	non-woody
Suaeda_physophora	3756467	102	ancestral
Suaeda_micromeris	3756821	7	derived
Suaeda_australis	3757896	3513	ancestral
Suaeda_maritima	3083541	39864	non-woody
Roycea_divaricata	3759080	47	derived
Sclerolaena_diacantha	8199472	12940	ancestral
Dissocarpus_biflorus	7339912	1559	non-woody
Sclerolaena_obliquicuspis	7879268	6029	derived
Malacocera_tricornis	3760559	1149	derived
Enchylaena_tomentosa	6447669	29978	ancestral
Maireana_oppositifolia	3755638	1147	derived
Maireana_coronata	3755931	1218	non-woody
Maireana_brevifolia	3756029	12312	derived
Maireana_sedifolia	3760771	5081	derived
Maireana_sclerolaenoides	3760802	3649	ancestral
Chenolea_diffusa	5568277	228	derived
Bassia_scoparia	5383936	8629	ancestral
Bassia_laniflora	5568188	1541	non-woody
Camphorosma_lessingii	6035827	3323	derived
Neokochia_americana	5835727	298	derived
Halothamnus_kermanensis	6035805	270	derived
Salsola_genistoides	3759567	29132	ancestral
Salsola_tragus	7547827	21823	non-woody
Anabasis_articulata	5568629	2092	derived
Nanophyton_erinaceum	7340049	88	derived
Petrosimonia_brachiata	3757746	140	non-woody
Caroxylon_cyclophyllum	3759615	138	derived
Caroxylon_vermiculatum	9465030	3787	derived
Caroxylon_dendroides	9626002	204	ancestral
Kaviria_tomentosa	3758317	94	derived
Krascheninnikovia_ceratoides	3083570	3202	derived
Krascheninnikovia_arborescens	3756592	13	ancestral
Chenopodium_auricomum	3757177	2167	derived
Chenopodium_album	3083838	222830	non-woody
Chenopodium_nutans	7750992	25839	ancestral
Atriplex_cinerea	6035692	2306	derived
Atriplex_amnicola	3756750	174	ancestral
Atriplex_halimus	3083718	8350	derived
Atriplex_lampa	8681279	14	ancestral
Atriplex_glauca	7501008	2410	derived
Atriplex_semibaccata	3083667	10639	non-woody
Atriplex_coriacea	3760595	71	derived
Halimione_verrucifera	3758871	278	derived
Halimione_portulacoides	3083765	27849	derived
Halimione_pedunculata	3755818	4109	non-woody
Grayia_spinosa	5383933	1091	derived
Atriplex_littoralis	3083696	20902	ancestral
Atriplex_prostrata	3083786	124142	non-woody
Chenopodium_parabolicum	7719079	5896	derived
Blitum_californicum	5568959	538	derived
Blitum_bonus-henricus	8044896	30098	derived
Atriplex_stipitata	3759563	6484	derived
Silene_fruticosa	8281741	242	derived
Silene_nutans	5384781	89424	non-woody
Silene_hawaiiensis	5384770	92	derived
Silene_antirrhina	5384747	4385	non-woody
Silene_struthioloides	5384814	83	derived
Silene_degeneri	5384840	5	derived
Silene_flos-cuculi	5384738	288162	non-woody
Acanthophyllum_laxiflorum	5586029	151	derived
Dianthus_serrulatus	7540866	191	ancestral
Dianthus_deltoides	3085424	72251	non-woody
Schiedea_ligustrina	5384436	146	derived
Honckenya_peploides	3085776	26844	non-woody
Fagopyrum_tibeticum	7835272	4	derived
Fagopyrum_esculentum	2889373	15559	non-woody
Bistorta_affinis	4033335	551	derived
Bistorta_vivipara	2889299	113161	non-woody
Koenigia_tortuosa	8823017	387	derived
Koenigia_alpina	9020499	3757	non-woody
Koenigia_mollis	8879994	665	derived
Koenigia_polystachya	8848208	2655	derived
Koenigia_islandica	5334283	6429	non-woody
Duma_florulenta	8066397	9478	derived
Polygonum_aviculare	7821030	343160	non-woody
Fallopia_aubertii	5334351	4668	derived
Fallopia_convolvulus	6391461	141026	non-woody
Muehlenbeckia_australis	4033148	3969	derived
Rumex_albescens	2888965	147	derived
Rumex_acetosa	2888951	579397	non-woody
Rumex_lunaria	4032398	1477	derived
Calligonum_comosum	8082975	416	derived
Coccoloba_pubescens	2888841	304	ancestral
Polygonum_maritimum	8195379	6182	derived
Eriogonum_nummulare	2889744	314	derived
Eriogonum_annuum	2889698	1404	non-woody
Eriogonum_microthecum	7983280	2573	derived
Eriogonum_umbellatum	2889574	7337	derived
Eriogonum_marifolium	2889632	710	non-woody
Eriogonum_arborescens	2889638	255	derived
Chorizanthe_staticoides	2888925	642	non-woody
Eriogonum_wrightii	2889714	2561	derived
Eriogonum_davidsonii	2889732	650	non-woody
Eriogonum_fasciculatum	2889433	7817	derived
Chorizanthe_brevicornu	2888910	1061	non-woody
Eriogonum_giganteum	2889699	307	derived
Eriogonum_ovalifolium	2889640	3560	non-woody
Eriogonum_sphaerocephalum_var._sphaerocephalum	2889491	793	derived
Eriogonum_corymbosum_var._glutinosum	2889533	1042	ancestral
Dedeckera_eurekensis	2889047	93	derived
Pterostegia_drymarioides	2889362	1418	non-woody
Dendromecon_rigida	2888424	2066	derived
Hunnemannia_fumariifolia	2888505	341	non-woody
Bocconia_frutescens	2888374	3535	derived
Macleaya_cordata	5334194	2098	non-woody
Romneya_coulteri	2888393	410	derived
Romneya_trichocalyx	2888394	218	ancestral
Argemone_fruticosa	3601104	16	derived
Argemone_turnerae_subsp._turnerae	3603413	24	non-woody
Xanthorhiza_simplicissima	3033662	1269	derived
Coptis_trifolia_subsp._groenlandica	3033632	5023	non-woody
Clematis_ibarensis	3931342	191	derived
Clematis_alpina	3033599	9192	ancestral
Clematis_flammula	3921611	22540	non-woody
Clematis_vitalba	3033558	159846	derived
Clematis_pauciflora	8009516	230	derived
Thottea_corymbosa	3588777	85	derived
Aristolochia_maxima	2873997	1006	ancestral
Aristolochia_rotunda	2874019	4736	non-woody
