decimal_latitude,decimal_longitude,gbif_id,taxon_name
59.6724,11.0671,2005255912,Polemonium_caucasicum
62.4406,11.1167,1977820281,Polemonium_caucasicum
62.4622,11.1425,1977820494,Polemonium_caucasicum
62.49,11.0863,1977820988,Polemonium_caucasicum
62.5264,11.0499,1977821099,Polemonium_caucasicum
62.5604,11.4139,1977821506,Polemonium_caucasicum
62.4968,11.2227,1977821464,Polemonium_caucasicum
58.9937,10.0258,1995318749,Polemonium_caucasicum
62.673,11.4312,1977822219,Polemonium_caucasicum
50.51778,6.28306,1584383910,Polemonium_caucasicum
55.89922,14.25458,1703063973,Polemonium_caucasicum
60.661649,23.611986,1606547214,Polemonium_caucasicum
67.71393,67.76602,1949918946,Polemonium_caucasicum
62.4872,12.57119,1828865229,Polemonium_caucasicum
67.64429,66.87358,1949918999,Polemonium_caucasicum
58.17672,27.08088,1881895113,Polemonium_caucasicum
67.103056,32.713611,1978367173,Polemonium_caucasicum
50.641392,7.898333,2244174670,Polemonium_caucasicum
66.3036,14.1288,1805099512,Polemonium_caucasicum
62.0705,9.1315,1805099372,Polemonium_caucasicum
47.41472,14.43561,1935713621,Polemonium_caucasicum
62.556,11.4411,1977819161,Polemonium_caucasicum
62.5849,11.3266,1977819885,Polemonium_caucasicum
62.5861,11.7552,1977819578,Polemonium_caucasicum
58.35913,24.59489,1658405567,Polemonium_caucasicum
62.5951,11.7561,1977819673,Polemonium_caucasicum
40.8636,-73.8786,1928683315,Polemonium_caucasicum
59.20832,26.5574,1438586140,Polemonium_caucasicum
70.2865,23.0918,1323863126,Polemonium_caucasicum
62.5805,11.3873,1702251204,Polemonium_caucasicum
62.7073,11.4523,1702251179,Polemonium_caucasicum
57.53736,26.59371,1438585319,Polemonium_caucasicum
59.7085,10.1463,1702391927,Polemonium_caucasicum
57.825583,37.493425,1697351486,Polemonium_caucasicum
59.039213,24.51101,1291945546,Polemonium_caucasicum
59.5891,11.1219,1702171815,Polemonium_caucasicum
58.8753,5.6002,1144054774,Polemonium_caucasicum
45.03536,6.4055,1935713430,Polemonium_caucasicum
60.958324,25.880147,1599173098,Polemonium_caucasicum
61.211514,25.475737,1599173095,Polemonium_caucasicum
56.589548,32.922945,1697351491,Polemonium_caucasicum
61.564364,26.706082,1599173087,Polemonium_caucasicum
52.045556,143.093056,1697314836,Polemonium_caucasicum
72.33082,103.172,1697317128,Polemonium_caucasicum
60.287384,24.057224,1599173090,Polemonium_caucasicum
59.817,8.6033,1995319148,Polemonium_caucasicum
59.5569,11.3227,1702169904,Polemonium_caucasicum
59.1188,11.3639,1702374128,Polemonium_caucasicum
59.5132,11.2605,1702171000,Polemonium_caucasicum
66.757466,33.779176,1697625495,Polemonium_caucasicum
67,24,1095920741,Polemonium_caucasicum
60.8364,9.7472,1702175918,Polemonium_caucasicum
64.50834,15.91319,1099922710,Polemonium_caucasicum
54.127644,127.007473,1697277384,Polemonium_caucasicum
60.836433,9.747215,2315866995,Polemonium_caucasicum
60.8726,8.8293,1702026305,Polemonium_caucasicum
43.563889,41.283889,991748596,Polemonium_caucasicum
59.693,10.272,1702396797,Polemonium_caucasicum
59.6983,10.2313,1702380646,Polemonium_caucasicum
48.05389,6.87611,1838164253,Polemonium_caucasicum
59.7437,11.2687,1702168817,Polemonium_caucasicum
50.8095,107.3655,1697314863,Polemonium_caucasicum
55.785888,9.309657,1342799238,Polemonium_caucasicum
67.2583,15.3482,1323865080,Polemonium_caucasicum
50.10743,87.80342,2268885454,Polemonium_caucasicum
63.3274,9.9018,1701281633,Polemonium_caucasicum
61.453026,24.297208,1606512822,Polemonium_caucasicum
55.391667,40.573611,1697625524,Polemonium_caucasicum
67.1636,43.0136,1697625504,Polemonium_caucasicum
52.082778,104.1075,1801061431,Polemonium_caucasicum
62.5947,9.6994,1701279476,Polemonium_caucasicum
62.594749,9.69938,2326168878,Polemonium_caucasicum
68.6622,16.4956,1323862301,Polemonium_caucasicum
38.0383,-111.4132,997427210,Polemonium_caucasicum
69.9494,21.8052,1323862586,Polemonium_caucasicum
69.9311,21.7268,1323862501,Polemonium_caucasicum
69.5176,20.6334,1323862556,Polemonium_caucasicum
59.5043,11.1014,1701618449,Polemonium_caucasicum
61.346999,24.202683,1948508938,Polemonium_caucasicum
50.8197,117.6908,1697277389,Polemonium_caucasicum
50.6846,114.6781,1697277459,Polemonium_caucasicum
54.243333,120.125556,1801061402,Polemonium_caucasicum
69.7257,30.0732,1701887289,Polemonium_caucasicum
51.479246,140.496383,1697277301,Polemonium_caucasicum
59.6866,10.2717,1702372605,Polemonium_caucasicum
61.588464,21.518963,1999608950,Polemonium_caucasicum
59.2602,11.116,1702208459,Polemonium_caucasicum
59.5607,10.8501,1702107299,Polemonium_caucasicum
59.6206,30.0264,1936232955,Polemonium_caucasicum
69.9637,23.1357,1702247445,Polemonium_caucasicum
48.8673,20.3364,317854528,Polemonium_caucasicum
62.0042,9.2061,1701770809,Polemonium_caucasicum
62.5551,9.6341,1702252545,Polemonium_caucasicum
68.9952,16.5457,1323861760,Polemonium_caucasicum
48.8752,20.2978,991942250,Polemonium_caucasicum
48.0351,20.1527,991942247,Polemonium_caucasicum
63.4012,10.5155,1701966659,Polemonium_caucasicum
57.630033,40.789407,1697696111,Polemonium_caucasicum
62.592765,23.326306,1948562907,Polemonium_caucasicum
61.908952,26.424967,1599173099,Polemonium_caucasicum
61.867199,26.246099,360095397,Polemonium_caucasicum
42.709444,44.626111,574983412,Polemonium_caucasicum
62.082586,30.241326,1999608973,Polemonium_caucasicum
48.875,20.297777,286838236,Polemonium_caucasicum
58.7901,5.7076,1144050202,Polemonium_caucasicum
55.551932,8.578672,1342799235,Polemonium_caucasicum
60.0307,11.4483,1702253345,Polemonium_caucasicum
59.5675,11.1655,1144049697,Polemonium_caucasicum
58.459167,24.985278,1148459470,Polemonium_caucasicum
55.54366,9.054189,1342799211,Polemonium_caucasicum
71.85249,110.6378,1697277411,Polemonium_caucasicum
59.9407,10.951,1702253192,Polemonium_caucasicum
50.247222,87.488889,1697277450,Polemonium_caucasicum
59.6439,10.9984,1702269268,Polemonium_caucasicum
66.54915,34.5668,1697625444,Polemonium_caucasicum
69.938,23.0964,865508430,Polemonium_caucasicum
68.8044,16.543,1323857851,Polemonium_caucasicum
69.5473,17.9061,1323858265,Polemonium_caucasicum
69.2919,14.4528,1323858319,Polemonium_caucasicum
69.4867,17.4169,1323857925,Polemonium_caucasicum
69.4704,17.2323,1323858643,Polemonium_caucasicum
70.133,20.0027,1323858422,Polemonium_caucasicum
62.5786,9.1333,1701320988,Polemonium_caucasicum
69.9873,19.3817,1323858437,Polemonium_caucasicum
59.2096,7.5349,900317415,Polemonium_caucasicum
62.0742,9.11,1701234675,Polemonium_caucasicum
59.3863,10.7665,1701656213,Polemonium_caucasicum
59.7386,11.7637,1701867657,Polemonium_caucasicum
59.6364,10.9625,1702267780,Polemonium_caucasicum
61.586654,22.710785,1599173107,Polemonium_caucasicum
59.8174,10.4399,1701804688,Polemonium_caucasicum
59.7491,11.8238,1702268418,Polemonium_caucasicum
68.8233,16.4382,1323857376,Polemonium_caucasicum
59.6314,11.629,1702268777,Polemonium_caucasicum
59.3212,10.8108,1701867371,Polemonium_caucasicum
59.3455,10.9018,1701655877,Polemonium_caucasicum
61.6559,11.8196,1702267440,Polemonium_caucasicum
60.6622,12.4556,1701645343,Polemonium_caucasicum
69.6645,30.1978,1702036468,Polemonium_caucasicum
56.155556,39.027778,1697625542,Polemonium_caucasicum
60.5983,12.3584,1702238448,Polemonium_caucasicum
58.883504,44.1784,1697696136,Polemonium_caucasicum
62.5787,11.4011,1702036783,Polemonium_caucasicum
60.1911,12.0273,1702231375,Polemonium_caucasicum
66.0214,12.928,1701256214,Polemonium_caucasicum
62.4737,9.5298,1702035274,Polemonium_caucasicum
70.0558,19.8573,1323856058,Polemonium_caucasicum
57.746407,16.623008,1705367879,Polemonium_caucasicum
59.4892,10.9374,1702232323,Polemonium_caucasicum
47.01056,14.51222,1935713012,Polemonium_caucasicum
65.9553,12.5389,900312157,Polemonium_caucasicum
51.485161,140.828357,1697277246,Polemonium_caucasicum
68.4144,14.8983,1323822631,Polemonium_caucasicum
62.0165,11.7389,1701849015,Polemonium_caucasicum
49.74,11.98,1341438371,Polemonium_caucasicum
31.0947,99.0817,1228295966,Polemonium_caucasicum
70.598,22.0466,1323856245,Polemonium_caucasicum
59.6764,10.7996,1701837660,Polemonium_caucasicum
59.2438,11.3082,1701641838,Polemonium_caucasicum
59.03225,26.88212,1148221765,Polemonium_caucasicum
64.2885,10.4327,187222389,Polemonium_caucasicum
58.9835,10.003,1702194683,Polemonium_caucasicum
70.2225,22.3727,1323855477,Polemonium_caucasicum
69.6971,18.895,1323855510,Polemonium_caucasicum
61.305892,24.393074,1599173088,Polemonium_caucasicum
70.5891,22.2838,1323855525,Polemonium_caucasicum
62.27466,88.99302,1697277409,Polemonium_caucasicum
54.0484,12.7484,786799671,Polemonium_caucasicum
51.781096,5.887153,728977930,Polemonium_caucasicum
70.0487,20.478,1323855822,Polemonium_caucasicum
70.0511,20.6292,1323855763,Polemonium_caucasicum
59.8174,10.4416,1702188781,Polemonium_caucasicum
58.6334,8.2878,900307348,Polemonium_caucasicum
69.6009,16.2659,1323858990,Polemonium_caucasicum
64.5133,10.882,1701273642,Polemonium_caucasicum
63.4026,9.53,1699348226,Polemonium_caucasicum
59.6446,11.4811,1702232328,Polemonium_caucasicum
58.7373,5.6488,1702220152,Polemonium_caucasicum
54.625,35.966667,1697625596,Polemonium_caucasicum
61.3131,9.8834,1701802122,Polemonium_caucasicum
68.4219,16.2853,1323857423,Polemonium_caucasicum
62.5615,10.3373,1702207344,Polemonium_caucasicum
52.204513,35.453581,1697625732,Polemonium_caucasicum
66.7564,13.2866,1702213679,Polemonium_caucasicum
68.1491,15.8824,1323857623,Polemonium_caucasicum
42.7056,44.6222,1936692410,Polemonium_caucasicum
51.141026,14.973609,442061480,Polemonium_caucasicum
69.69753,18.77364,1323738582,Polemonium_caucasicum
62.2858,10.9746,1701635555,Polemonium_caucasicum
61.4841,9.3131,1701594459,Polemonium_caucasicum
64.8544,10.8457,1701269676,Polemonium_caucasicum
71.6778,102.5602,1697277383,Polemonium_caucasicum
30.33,80.18,615376320,Polemonium_caucasicum
62.2305,8.356,1701242484,Polemonium_caucasicum
58.2467,7.5034,186828438,Polemonium_caucasicum
69.7982,19.0628,1323738200,Polemonium_caucasicum
57.684,26.685,1881895300,Polemonium_caucasicum
49,8.3,786221921,Polemonium_caucasicum
69.6378,17.9751,1323727390,Polemonium_caucasicum
69.795,19.0241,1323738682,Polemonium_caucasicum
50.756617,143.289167,441813186,Polemonium_caucasicum
50.7566,143.29,1988096357,Polemonium_caucasicum
63.0988,10.0707,187222614,Polemonium_caucasicum
65.9693,12.2759,1702560515,Polemonium_caucasicum
69.6977,18.9467,1323737883,Polemonium_caucasicum
61.5606,9.8818,1701776301,Polemonium_caucasicum
69.6433,18.9004,1323737706,Polemonium_caucasicum
43.9037,40.57191,1697823542,Polemonium_caucasicum
71.66645,108.2713,1697277406,Polemonium_caucasicum
52.354717,143.0082,441813032,Polemonium_caucasicum
51.6499,142.977217,441813184,Polemonium_caucasicum
51.6499,142.9772,1988164470,Polemonium_caucasicum
71.67752,108.2734,1697277398,Polemonium_caucasicum
50.218465,6.050501,1455439611,Polemonium_caucasicum
63.0968,9.6784,1701318550,Polemonium_caucasicum
59.4414,10.7078,1701839655,Polemonium_caucasicum
58.0785,6.8083,1701886367,Polemonium_caucasicum
-37.475,144.2833,995358513,Polemonium_caucasicum
52.011,5.913833,2290614832,Polemonium_caucasicum
59.5621,11.1688,1702215065,Polemonium_caucasicum
61.07174,89.66704,1697315804,Polemonium_caucasicum
63.4884,10.991,1701228368,Polemonium_caucasicum
63.18136,87.9098,1697315749,Polemonium_caucasicum
60.7974,10.7905,1702206360,Polemonium_caucasicum
69.7152,19.1066,1323737033,Polemonium_caucasicum
63.004,9.7454,1701240808,Polemonium_caucasicum
58.0977,7.9694,186828405,Polemonium_caucasicum
64.9702,10.9172,1701771426,Polemonium_caucasicum
58.5867,7.8071,900315082,Polemonium_caucasicum
72.45766,101.8677,1697277315,Polemonium_caucasicum
61.0818,10.8103,1701417507,Polemonium_caucasicum
66.8592,13.7264,1323847128,Polemonium_caucasicum
56.46909,14.39771,788542564,Polemonium_caucasicum
59.3452,11.0836,1702211277,Polemonium_caucasicum
61.9192,8.1145,1144202766,Polemonium_caucasicum
62.0657,9.1052,187222605,Polemonium_caucasicum
42.70467,44.621433,1928138435,Polemonium_caucasicum
69.8494,18.8396,1323736252,Polemonium_caucasicum
62.313573,29.810457,1606512793,Polemonium_caucasicum
69.8398,18.8614,1323736375,Polemonium_caucasicum
69.7124,19.0991,1323737144,Polemonium_caucasicum
61.19094,8.45504,1702253787,Polemonium_caucasicum
58.8285,6.7941,900309044,Polemonium_caucasicum
59.6612,11.0713,1702002309,Polemonium_caucasicum
64.9707,10.8749,1701262018,Polemonium_caucasicum
60.9593,10.1167,1702024455,Polemonium_caucasicum
61.6017,10.0394,1702176547,Polemonium_caucasicum
61.5099,10.1735,1701832972,Polemonium_caucasicum
64.3876,10.6176,1701318023,Polemonium_caucasicum
69.6513,19.0091,1323734863,Polemonium_caucasicum
67.3274,15.4475,1323845693,Polemonium_caucasicum
67.0443,14.0292,1323845755,Polemonium_caucasicum
64.2885,10.4348,187222653,Polemonium_caucasicum
64.1834,10.204,187222501,Polemonium_caucasicum
46.99055,142.837733,441813018,Polemonium_caucasicum
60.1672,11.9748,1701765709,Polemonium_caucasicum
53.2597,143.204283,441813925,Polemonium_caucasicum
69.7587,19.692,1323734869,Polemonium_caucasicum
54.28165,142.448533,441813926,Polemonium_caucasicum
46.243667,141.25355,441813923,Polemonium_caucasicum
62.082,9.6796,186828357,Polemonium_caucasicum
69.0044,15.0063,1323847722,Polemonium_caucasicum
53.433267,143.06455,441813924,Polemonium_caucasicum
64.3099,10.4483,1697946648,Polemonium_caucasicum
69.6388,18.9356,1323735073,Polemonium_caucasicum
69.6514,18.8222,1323735058,Polemonium_caucasicum
54.031117,142.968683,441813928,Polemonium_caucasicum
59.6956,11.2983,1702192706,Polemonium_caucasicum
69.8872,21.1901,1323844398,Polemonium_caucasicum
70.1588,19.7711,1323734944,Polemonium_caucasicum
69.6689,18.974,1323735038,Polemonium_caucasicum
56.1869,15.31001,788465340,Polemonium_caucasicum
58.2668,7.7957,900315817,Polemonium_caucasicum
57.9961,7.5037,900307596,Polemonium_caucasicum
55.616667,32,1697625518,Polemonium_caucasicum
59.3766,11.7413,1702191490,Polemonium_caucasicum
55.483333,31.666667,1697625564,Polemonium_caucasicum
59.4835,11.6546,1702191547,Polemonium_caucasicum
59.3586,11.7451,1701844200,Polemonium_caucasicum
60.443467,22.389594,1999495601,Polemonium_caucasicum
61.2414,11.6627,1701626723,Polemonium_caucasicum
63.0603,9.7023,1701566061,Polemonium_caucasicum
61.0072,12.0896,1702190856,Polemonium_caucasicum
64.2343,11.4694,187222348,Polemonium_caucasicum
62.3225,10.8623,187222153,Polemonium_caucasicum
67.9248,14.7735,1323821139,Polemonium_caucasicum
59.3561,7.3616,186828293,Polemonium_caucasicum
62.2173,10.6635,1701312274,Polemonium_caucasicum
61.3438,12.752,1702197824,Polemonium_caucasicum
58.885,6.8425,186828338,Polemonium_caucasicum
62.0027,9.2005,187222152,Polemonium_caucasicum
61.3442,11.4012,1702190927,Polemonium_caucasicum
61.3734,12.7265,1701629235,Polemonium_caucasicum
63.487775,29.734035,1606512775,Polemonium_caucasicum
69.6864,30.0554,1323754587,Polemonium_caucasicum
18.208333,-97.125,1895547209,Polemonium_caucasicum
58.3868,6.8365,186828319,Polemonium_caucasicum
58.0651,6.8142,900316083,Polemonium_caucasicum
62.692464,23.724484,1599173089,Polemonium_caucasicum
60.6424,10.6228,1702186142,Polemonium_caucasicum
70.6587,23.6655,1323753901,Polemonium_caucasicum
61.0474,7.8066,1701829493,Polemonium_caucasicum
56.12244,14.57121,788542628,Polemonium_caucasicum
63.7862,11.4454,1701312295,Polemonium_caucasicum
65.8198,12.0391,1702177901,Polemonium_caucasicum
40.8798,-110.6666,1930581955,Polemonium_caucasicum
64.8142,11.159,1699837565,Polemonium_caucasicum
59.7577,8.7873,1702190613,Polemonium_caucasicum
71.0545,24.0668,1323705087,Polemonium_caucasicum
61.9865,9.2481,1701828964,Polemonium_caucasicum
42.66666,44.6175,1258558917,Polemonium_caucasicum
42.666667,44.6175,575019624,Polemonium_caucasicum
62.379,10.6531,1701800310,Polemonium_caucasicum
60.6508,11.1902,1702173988,Polemonium_caucasicum
71.0853,24.0553,1323705124,Polemonium_caucasicum
67.3323,15.4534,1323836468,Polemonium_caucasicum
59.2378,7.5356,900318316,Polemonium_caucasicum
59.2264,7.5553,186828255,Polemonium_caucasicum
61.297989,24.449731,1599173097,Polemonium_caucasicum
64.7326,11.2155,1701337344,Polemonium_caucasicum
56.1863,14.05695,788540012,Polemonium_caucasicum
58.5756,8.963,186828060,Polemonium_caucasicum
57.664794,41.033578,1697625710,Polemonium_caucasicum
60.571212,22.44444,1999572408,Polemonium_caucasicum
62.30005,89.01759,1697277473,Polemonium_caucasicum
62.25077,89.07771,1697277311,Polemonium_caucasicum
56.22116,13.35882,788528568,Polemonium_caucasicum
61.270033,24.396049,1599173092,Polemonium_caucasicum
62.0633,9.6151,1702161923,Polemonium_caucasicum
69.6695,30.201,1323829042,Polemonium_caucasicum
68.519,16.6653,1323785717,Polemonium_caucasicum
60.4323,11.5135,1701844412,Polemonium_caucasicum
61.2583,12.3245,1701333586,Polemonium_caucasicum
35,75,994524680,Polemonium_caucasicum
50.12,11.96,1341438458,Polemonium_caucasicum
70.6654,23.6933,1323720691,Polemonium_caucasicum
38.6,-90.25,1258343244,Polemonium_caucasicum
65.979,12.2794,1701779448,Polemonium_caucasicum
59.3322,11.5655,1702163132,Polemonium_caucasicum
68.3954,15.9479,1323824879,Polemonium_caucasicum
59.97258,10.72237,1702183694,Polemonium_caucasicum
62.56504,11.68681,1701862527,Polemonium_caucasicum
62.3145,10.9554,1701614751,Polemonium_caucasicum
39.73193,-104.9619,2242417101,Polemonium_caucasicum
61.3843,12.6856,1702154219,Polemonium_caucasicum
61.5273,12.3682,1702253500,Polemonium_caucasicum
58.378749,45.375141,1697625719,Polemonium_caucasicum
56.64056,47.275372,1697625811,Polemonium_caucasicum
59.6701,10.9307,1701992098,Polemonium_caucasicum
61.302566,24.225316,1599343420,Polemonium_caucasicum
61.3403,12.0362,1701787053,Polemonium_caucasicum
60.901867,43.188936,1697625448,Polemonium_caucasicum
61.0827,11.3823,1701986132,Polemonium_caucasicum
62.0633,9.6132,1701986342,Polemonium_caucasicum
62.1903,9.7041,1701786495,Polemonium_caucasicum
61.3443,11.3975,1701371598,Polemonium_caucasicum
60.087548,22.562767,1999572546,Polemonium_caucasicum
52.044292,34.503345,1697625690,Polemonium_caucasicum
56.32211,14.1348,788531588,Polemonium_caucasicum
70.136,23.0043,1701586811,Polemonium_caucasicum
60.472842,22.203291,1999495590,Polemonium_caucasicum
59.3457,11.7177,1702011045,Polemonium_caucasicum
59.7439,10.2009,1702005768,Polemonium_caucasicum
68.228,14.7947,1323837269,Polemonium_caucasicum
62.5423,11.0898,1702009842,Polemonium_caucasicum
60.9412,10.7441,1701594996,Polemonium_caucasicum
67.0593,14.0459,1701794561,Polemonium_caucasicum
52.8,-117.3,1988063560,Polemonium_caucasicum
61.4392,11.5136,1701985680,Polemonium_caucasicum
60.0868,12.4571,1701576997,Polemonium_caucasicum
62.2867,10.9728,21277584,Polemonium_caucasicum
51.054443,13.739166,442059482,Polemonium_caucasicum
60.9176,10.8913,1702435426,Polemonium_caucasicum
51.56,-3.04,2305113292,Polemonium_caucasicum
62.1391,91.47528,1697277353,Polemonium_caucasicum
71.0475,24.6961,1323792576,Polemonium_caucasicum
62.4165,10.87,1702434049,Polemonium_caucasicum
62.9718,8.6351,1144179103,Polemonium_caucasicum
62.3474,10.9024,1702434110,Polemonium_caucasicum
62.24954,89.06867,1697277314,Polemonium_caucasicum
63.0976,9.3268,1144179176,Polemonium_caucasicum
69.7389,19.6933,1323784035,Polemonium_caucasicum
63.0529,9.2077,1144179174,Polemonium_caucasicum
62.9585,10.8631,1701969598,Polemonium_caucasicum
62.981,8.7139,1144179081,Polemonium_caucasicum
61.9832,9.2576,1701980387,Polemonium_caucasicum
63.1107,10.0206,1701246495,Polemonium_caucasicum
71.0149,24.9755,1323792981,Polemonium_caucasicum
59.738866,38.398105,1697625458,Polemonium_caucasicum
67.7893,14.7132,1702004153,Polemonium_caucasicum
69.9836,23.2607,1323791572,Polemonium_caucasicum
70.3241,23.036,1323801626,Polemonium_caucasicum
60.1939,12.0356,1702438560,Polemonium_caucasicum
59.8219,10.3464,1702436695,Polemonium_caucasicum
60.9122,10.7978,1701501205,Polemonium_caucasicum
68.4216,16.3767,1323792450,Polemonium_caucasicum
65.9782,12.2774,1701776557,Polemonium_caucasicum
63.10161,87.89739,1697277331,Polemonium_caucasicum
60.9245,11.0356,1701368755,Polemonium_caucasicum
45.533333,-71.8,668791846,Polemonium_caucasicum
57.832333,26.8425,1434665719,Polemonium_caucasicum
34.87,74.92,615376201,Polemonium_caucasicum
49.27,11.62,1947418837,Polemonium_caucasicum
60.9905,10.0545,1702023226,Polemonium_caucasicum
63.1013,10.0797,1701305282,Polemonium_caucasicum
59.84258,10.45045,1702255474,Polemonium_caucasicum
61.275478,24.670724,1599173086,Polemonium_caucasicum
49.996357,5.449836,1455426860,Polemonium_caucasicum
55.945808,12.316596,1342799214,Polemonium_caucasicum
67.0412,14.0236,1323816222,Polemonium_caucasicum
58.042475,48.324486,1697625768,Polemonium_caucasicum
62.29733,89.01441,1697277449,Polemonium_caucasicum
60.855373,25.270074,1948540344,Polemonium_caucasicum
58.079395,48.290223,1697625765,Polemonium_caucasicum
59.3504,11.77,1702006409,Polemonium_caucasicum
68.1725,14.2168,1323815806,Polemonium_caucasicum
68.9899,15.4373,1323751943,Polemonium_caucasicum
56.18627,14.05534,788459460,Polemonium_caucasicum
70.1362,22.9911,1323735813,Polemonium_caucasicum
68.9361,15.4363,1323751918,Polemonium_caucasicum
60.5167,7.8616,1144138180,Polemonium_caucasicum
32.43,77.3,615376165,Polemonium_caucasicum
55.94497,92.74094,1697277417,Polemonium_caucasicum
70.2485,23.3468,1323805338,Polemonium_caucasicum
50.12,10.18,1947418832,Polemonium_caucasicum
60.3637,5.346,1144026435,Polemonium_caucasicum
68.237,14.8187,1323835906,Polemonium_caucasicum
63.0366,10.2947,1701227692,Polemonium_caucasicum
63.815691,24.183872,1599173085,Polemonium_caucasicum
66.110799,25.158908,1599173084,Polemonium_caucasicum
60.32528,10.13214,1702285034,Polemonium_caucasicum
66.114669,24.899679,1599173093,Polemonium_caucasicum
59.8538,10.437,1702422114,Polemonium_caucasicum
58.983186,46.868563,1697625774,Polemonium_caucasicum
61.0581,9.4353,1702206061,Polemonium_caucasicum
66.78995,76.42251,1697315872,Polemonium_caucasicum
61.683333,-139.333333,1949604174,Polemonium_caucasicum
66.183217,29.104121,1599173076,Polemonium_caucasicum
34.38,73.35,615376204,Polemonium_caucasicum
51.588668,36.13304,1697625751,Polemonium_caucasicum
63.071575,21.734948,1599173083,Polemonium_caucasicum
55.568497,37.609074,1697625668,Polemonium_caucasicum
57.675742,15.591,1705262196,Polemonium_caucasicum
61.085543,24.693973,1599173078,Polemonium_caucasicum
62.6646,26.050301,57713419,Polemonium_caucasicum
62.682598,26.0497,57713421,Polemonium_caucasicum
62.9674,10.8637,1701277848,Polemonium_caucasicum
57.1,-122.9,1988091425,Polemonium_caucasicum
62.654,11.8785,187222562,Polemonium_caucasicum
62.198962,30.61916,1599173082,Polemonium_caucasicum
52.066667,134.9,1697277373,Polemonium_caucasicum
68.2143,13.515,1323785669,Polemonium_caucasicum
54.855,37.564,1668935474,Polemonium_caucasicum
68.1819,14.3129,1323785693,Polemonium_caucasicum
63.071129,21.735029,1599173079,Polemonium_caucasicum
63.072023,21.734867,1599173071,Polemonium_caucasicum
62.091992,30.223171,1999495494,Polemonium_caucasicum
62.198655,9.758507,318682964,Polemonium_caucasicum
32.35,77.23,615376164,Polemonium_caucasicum
63.1036,11.3679,1701763023,Polemonium_caucasicum
61.382239,26.249464,1599173073,Polemonium_caucasicum
68.255,15.133,1323785681,Polemonium_caucasicum
63.05757,21.566994,1599173081,Polemonium_caucasicum
54.893037,42.330276,1697625566,Polemonium_caucasicum
68.1327,13.6166,1323785676,Polemonium_caucasicum
61.0556,10.610559,2315365810,Polemonium_caucasicum
68.3238,13.9932,1323785682,Polemonium_caucasicum
61.84333,89.33013,1697277401,Polemonium_caucasicum
68.5662,16.2384,1323785686,Polemonium_caucasicum
51.9,134.8,1697277307,Polemonium_caucasicum
62.153937,21.532052,1599173080,Polemonium_caucasicum
62.1965,9.8167,1323785660,Polemonium_caucasicum
63.9714,10.1335,1701965188,Polemonium_caucasicum
60.7674,10.2207,1701843878,Polemonium_caucasicum
68.415,14.7893,1323783843,Polemonium_caucasicum
59.080376,46.679612,1697625653,Polemonium_caucasicum
57.253329,15.680963,1705341095,Polemonium_caucasicum
56.718066,16.311514,1705286459,Polemonium_caucasicum
62.063595,24.11783,1599173075,Polemonium_caucasicum
59.5179,10.9528,1701454112,Polemonium_caucasicum
63.447701,25.342899,57713416,Polemonium_caucasicum
62.295016,27.142211,1599173077,Polemonium_caucasicum
57.409465,15.600568,1705341089,Polemonium_caucasicum
57.115974,26.293974,1697625489,Polemonium_caucasicum
52.714662,38.902532,1697625760,Polemonium_caucasicum
62.284313,27.047764,1599173074,Polemonium_caucasicum
62.258615,28.238264,1599173072,Polemonium_caucasicum
57.123662,26.315775,1697625500,Polemonium_caucasicum
52.133333,134.3,1697277337,Polemonium_caucasicum
52.2,134.4,1697277303,Polemonium_caucasicum
60.828168,21.615837,1999495500,Polemonium_caucasicum
56.77225,16.230465,1705286488,Polemonium_caucasicum
64.2747,10.3524,1701250562,Polemonium_caucasicum
63.591857,27.167773,1599173056,Polemonium_caucasicum
60.419157,22.506671,1948540420,Polemonium_caucasicum
61.220714,25.761946,1599173059,Polemonium_caucasicum
52.578829,38.360763,1697625747,Polemonium_caucasicum
62.8235,10.0106,187222519,Polemonium_caucasicum
67.9106,14.8237,1323785685,Polemonium_caucasicum
66.4756,12.6984,1323785646,Polemonium_caucasicum
67.679,14.731,1323785619,Polemonium_caucasicum
59.7533,8.0755,1702177191,Polemonium_caucasicum
63.088001,29.8377,57713426,Polemonium_caucasicum
63.537368,29.173223,1599173066,Polemonium_caucasicum
66.6014,12.7996,1323785675,Polemonium_caucasicum
66.5949,12.9209,1323785635,Polemonium_caucasicum
67.732,14.7505,1323785684,Polemonium_caucasicum
60.484126,24.0617,1599173070,Polemonium_caucasicum
66.9123,13.4002,1323785648,Polemonium_caucasicum
68.429,14.604,1323785647,Polemonium_caucasicum
56.75,128.766667,1697277316,Polemonium_caucasicum
68.3624,15.3281,1323785667,Polemonium_caucasicum
68.5389,16.4585,1323785677,Polemonium_caucasicum
55.57619,37.578393,1697625693,Polemonium_caucasicum
-43.583333,172.583333,1897672504,Polemonium_caucasicum
68.3959,15.937,1323785678,Polemonium_caucasicum
49.449056,129.649143,1697277325,Polemonium_caucasicum
48.915185,130.544419,1697277291,Polemonium_caucasicum
57.5459,15.275815,1705353917,Polemonium_caucasicum
51.166667,86,1697277506,Polemonium_caucasicum
63.9457,10.5396,187222558,Polemonium_caucasicum
51.126152,85.586071,1697277481,Polemonium_caucasicum
62.3052,9.6075,1701285737,Polemonium_caucasicum
61.514547,25.812083,1599173238,Polemonium_caucasicum
67.5375,14.8476,1323785688,Polemonium_caucasicum
69.2836,15.9752,1323785665,Polemonium_caucasicum
68.9988,15.4625,1323785662,Polemonium_caucasicum
69.2349,15.8719,1323785649,Polemonium_caucasicum
55.65,130.733333,1697277323,Polemonium_caucasicum
61.591149,26.968546,1599173221,Polemonium_caucasicum
62.2229,9.5789,1701634884,Polemonium_caucasicum
63.769734,28.750047,1599173069,Polemonium_caucasicum
64.830662,57.891409,1697625454,Polemonium_caucasicum
52.572727,38.349123,1697625805,Polemonium_caucasicum
61.173032,26.532398,1599173110,Polemonium_caucasicum
51,85.833333,1697277484,Polemonium_caucasicum
57.447245,15.006923,1705439296,Polemonium_caucasicum
53.526205,122.442441,1697277342,Polemonium_caucasicum
61.293329,21.77915,1606512763,Polemonium_caucasicum
68.6811,17.1322,1323787238,Polemonium_caucasicum
54.638137,40.691275,1697625603,Polemonium_caucasicum
68.4521,17.0386,1323846065,Polemonium_caucasicum
49.916667,89.25,1697277446,Polemonium_caucasicum
64.067379,26.924791,1599173052,Polemonium_caucasicum
68.07727,75.58928,1697277420,Polemonium_caucasicum
68.10821,75.66461,1697277549,Polemonium_caucasicum
70.152,18.7156,1323786052,Polemonium_caucasicum
67.96669,16.49094,1701264182,Polemonium_caucasicum
50.416667,89.333333,1697277540,Polemonium_caucasicum
64.0436,11.5293,1701318889,Polemonium_caucasicum
68.0753,15.348,187222016,Polemonium_caucasicum
69.11896,15.83352,1144097887,Polemonium_caucasicum
49.866667,86.416667,1697277439,Polemonium_caucasicum
65.728471,24.489753,1599173219,Polemonium_caucasicum
54.878582,45.820885,1697625755,Polemonium_caucasicum
57.966667,-129.833333,1949636676,Polemonium_caucasicum
62.6245,11.5441,1698019149,Polemonium_caucasicum
69.0773,17.6729,1323785820,Polemonium_caucasicum
65.648956,28.354218,1599173062,Polemonium_caucasicum
69.6522,18.9318,1323785651,Polemonium_caucasicum
68.533,15.1836,1323802468,Polemonium_caucasicum
54.637244,40.686189,1697625630,Polemonium_caucasicum
54.756428,40.4419,1697625587,Polemonium_caucasicum
64.1213,11.7007,1701264185,Polemonium_caucasicum
63.4139,10.4049,1701778560,Polemonium_caucasicum
63.3523,10.1091,1701565850,Polemonium_caucasicum
61.787523,25.00665,1599173226,Polemonium_caucasicum
43.648195,132.251952,1697277317,Polemonium_caucasicum
54.274066,46.060847,1697625750,Polemonium_caucasicum
63.08622,88.01856,1697277445,Polemonium_caucasicum
51.914388,94.9617,1697277550,Polemonium_caucasicum
66.3,73.966667,1697277517,Polemonium_caucasicum
70.1933,20.5108,1323785610,Polemonium_caucasicum
63.557778,27.191667,1563138243,Polemonium_caucasicum
61.308767,24.782147,1599173068,Polemonium_caucasicum
62.1987,26.160999,57713424,Polemonium_caucasicum
70.6849,23.2203,1323785779,Polemonium_caucasicum
50.083333,89.833333,1697277458,Polemonium_caucasicum
52.79031,93.23622,1697277519,Polemonium_caucasicum
61.905339,155.984058,1697277345,Polemonium_caucasicum
59.0197,8.5211,186827893,Polemonium_caucasicum
59.833333,-136.633333,1949545133,Polemonium_caucasicum
56.23927,66.84828,1697277456,Polemonium_caucasicum
59.95,-135.816667,1949545128,Polemonium_caucasicum
63.13275,87.88963,1697277431,Polemonium_caucasicum
67.1861,15.728,1323802481,Polemonium_caucasicum
63.9484,10.6632,1144097905,Polemonium_caucasicum
63.6265,22.860115,1622361550,Polemonium_caucasicum
57.116667,104.55,2289777070,Polemonium_caucasicum
62.2986,89.01732,1697277267,Polemonium_caucasicum
52.23,-117.06,2306679951,Polemonium_caucasicum
56.7,-121.733333,1949565444,Polemonium_caucasicum
56.45,-121.55,1949553434,Polemonium_caucasicum
59.95,-136.816667,441812426,Polemonium_caucasicum
61.7787,10.4121,186828458,Polemonium_caucasicum
52.69,23.7223,1705747646,Polemonium_caucasicum
70.7942,23.1111,1323785726,Polemonium_caucasicum
60.86693,7.23398,1144097888,Polemonium_caucasicum
59.2287,7.5641,186827894,Polemonium_caucasicum
50.95,-114.716667,883417796,Polemonium_caucasicum
71.0966,27.6361,1323785689,Polemonium_caucasicum
36.37193,140.4539,381831593,Polemonium_caucasicum
62.258301,25.735901,57713422,Polemonium_caucasicum
62.199,7.4337,1144097897,Polemonium_caucasicum
68.453,16.7165,1323702141,Polemonium_caucasicum
63.08816,87.87143,1697277343,Polemonium_caucasicum
60.494365,22.054286,1999583432,Polemonium_caucasicum
62.26552,89.04463,1697277387,Polemonium_caucasicum
67.4537,78.69662,1697277466,Polemonium_caucasicum
61.1933,9.2139,1701357906,Polemonium_caucasicum
58.7381,5.6627,318232190,Polemonium_caucasicum
58.31001,100.04411,1697277454,Polemonium_caucasicum
61.5784,9.5555,1702204874,Polemonium_caucasicum
59.5913,10.9395,1702309566,Polemonium_caucasicum
42.795873,43.921709,1697823569,Polemonium_caucasicum
54.65,84.75,1697277537,Polemonium_caucasicum
61.03467,89.59382,1697277395,Polemonium_caucasicum
62.306602,27.816068,1599173061,Polemonium_caucasicum
67.054,65.54301,1697277463,Polemonium_caucasicum
62.209179,23.796241,1599173063,Polemonium_caucasicum
60.0263,90.5692,1697277437,Polemonium_caucasicum
61.3095,12.6183,1702437449,Polemonium_caucasicum
56.78256,12.677212,1705325571,Polemonium_caucasicum
60.89351,89.68538,1697277476,Polemonium_caucasicum
66.447954,72.941734,1697277554,Polemonium_caucasicum
68.70102,86.29158,1697277381,Polemonium_caucasicum
54.566667,-120.15,1949592727,Polemonium_caucasicum
59.53902,11.80256,1434681649,Polemonium_caucasicum
61.243538,24.66856,1599173205,Polemonium_caucasicum
64.114,10.2625,1701222711,Polemonium_caucasicum
64.168,10.2444,1701768021,Polemonium_caucasicum
54.930556,-121.330556,1949595039,Polemonium_caucasicum
55.183333,-121.933333,1949559939,Polemonium_caucasicum
58.70682,5.7667,1144097866,Polemonium_caucasicum
62.8237,9.991,1701568117,Polemonium_caucasicum
69.9784,23.0952,1702011812,Polemonium_caucasicum
63.4308,10.3726,1701333100,Polemonium_caucasicum
68.887,16.2811,1323785838,Polemonium_caucasicum
66.53871,66.61296,1697277508,Polemonium_caucasicum
55.366072,41.529999,1697625565,Polemonium_caucasicum
61.890101,26.331326,1599173215,Polemonium_caucasicum
68.12148,13.13534,1668719854,Polemonium_caucasicum
62.1175,9.2808,900310245,Polemonium_caucasicum
68.0973,13.1983,1323802465,Polemonium_caucasicum
62.8256,11.3455,1701965856,Polemonium_caucasicum
54.75,-121.333333,1949538279,Polemonium_caucasicum
55.221389,-121.527778,1949561611,Polemonium_caucasicum
58.001306,38.279669,1697625636,Polemonium_caucasicum
60.633863,27.636544,1599173225,Polemonium_caucasicum
61.622229,26.714152,1599173223,Polemonium_caucasicum
67.32895,14.29557,1144097870,Polemonium_caucasicum
61.232788,24.1105,1599173214,Polemonium_caucasicum
59.59156,59.0501,1697277465,Polemonium_caucasicum
62.9731,9.7791,187221629,Polemonium_caucasicum
59.47519,59.26254,1697277516,Polemonium_caucasicum
70.3439,21.4661,1323788371,Polemonium_caucasicum
68.8343,16.1292,1323786082,Polemonium_caucasicum
59.47467,59.27684,1697277535,Polemonium_caucasicum
61.6037,10.0112,1701843939,Polemonium_caucasicum
59.65,-136.5,1949556451,Polemonium_caucasicum
63.25,-130.033333,1949613810,Polemonium_caucasicum
49.08,11.82,1341438785,Polemonium_caucasicum
59.9447,10.9449,900306361,Polemonium_caucasicum
54.594017,40.879093,1697625549,Polemonium_caucasicum
63.2646,9.8069,1701298807,Polemonium_caucasicum
68.6423,16.5747,1323785893,Polemonium_caucasicum
54.835025,40.784935,1697625606,Polemonium_caucasicum
62.0821,9.1436,1701374312,Polemonium_caucasicum
42.285556,143.311389,1829903100,Polemonium_caucasicum
40.602617,-111.430187,1846530245,Polemonium_caucasicum
67.6523,15.7659,1701564200,Polemonium_caucasicum
41.999295,143.189277,388853280,Polemonium_caucasicum
69.9727,29.6301,1323813204,Polemonium_caucasicum
69.0255,15.5382,1323802472,Polemonium_caucasicum
54.454336,58.45463,1697625778,Polemonium_caucasicum
68.159,13.5428,1323802507,Polemonium_caucasicum
62.128951,24.025447,1599173235,Polemonium_caucasicum
57.507891,14.186896,1705402871,Polemonium_caucasicum
69.1848,17.0301,1323727538,Polemonium_caucasicum
64.0346,11.5284,1701222574,Polemonium_caucasicum
46.784722,-71.278611,668791847,Polemonium_caucasicum
54.876,37.615,1668934009,Polemonium_caucasicum
54.60123,58.73899,1697277511,Polemonium_caucasicum
61.035764,23.387723,1599173216,Polemonium_caucasicum
61.8757,9.1046,186827883,Polemonium_caucasicum
62.8627,9.8518,1701768544,Polemonium_caucasicum
54.44526,84.38972,1697277572,Polemonium_caucasicum
55.09263,91.29138,1697277472,Polemonium_caucasicum
61.6955,11.751,1323831959,Polemonium_caucasicum
62.8556,9.8496,1701223448,Polemonium_caucasicum
55.766171,40.678601,1697625507,Polemonium_caucasicum
43.171657,132.782474,1697277365,Polemonium_caucasicum
55.895346,40.710139,1697625573,Polemonium_caucasicum
62.183139,22.674559,1599173053,Polemonium_caucasicum
46.59638,9.59805,1260850445,Polemonium_caucasicum
69.27793,19.16723,1323785815,Polemonium_caucasicum
61.3647,9.679,1702305562,Polemonium_caucasicum
61.2771,10.2963,900315361,Polemonium_caucasicum
67.2832,13.9906,1323802448,Polemonium_caucasicum
62.12133,9.45125,1323756428,Polemonium_caucasicum
54.790004,39.826337,1697625576,Polemonium_caucasicum
68.49,16.9407,1323802467,Polemonium_caucasicum
56.233845,41.947312,1697625539,Polemonium_caucasicum
56.235162,41.085525,1697625536,Polemonium_caucasicum
60.93701,25.53039,1948359534,Polemonium_caucasicum
60.61076,8.03354,1702328608,Polemonium_caucasicum
61.365702,22.413523,1599173065,Polemonium_caucasicum
67.1519,15.0115,1323822353,Polemonium_caucasicum
67.1536,15.0115,1323802505,Polemonium_caucasicum
70.1089,20.0651,1323785982,Polemonium_caucasicum
70.1543,20.1686,1323785968,Polemonium_caucasicum
54.853996,37.549459,1697625583,Polemonium_caucasicum
59.14539,8.05606,1144097850,Polemonium_caucasicum
62.2784,9.5877,186827890,Polemonium_caucasicum
62.3875,9.6188,1701318060,Polemonium_caucasicum
61.32771,10.51106,1981551022,Polemonium_caucasicum
60.265242,25.280666,1599173220,Polemonium_caucasicum
61.081103,28.76744,1599173058,Polemonium_caucasicum
67.2098,14.653,1323802504,Polemonium_caucasicum
63.4716,10.8764,1701566403,Polemonium_caucasicum
60.63073,27.225275,1599173067,Polemonium_caucasicum
54.430998,126.977756,1697277336,Polemonium_caucasicum
54.320979,90.758915,1697277483,Polemonium_caucasicum
62.5515,11.071,1701762899,Polemonium_caucasicum
59.4187,10.9824,1701673327,Polemonium_caucasicum
62.967543,26.503965,1599173236,Polemonium_caucasicum
67.44364,86.62844,1697277392,Polemonium_caucasicum
68.1906,14.3729,1701917320,Polemonium_caucasicum
69.9495,21.9017,1323786140,Polemonium_caucasicum
62.610802,26.052,57713501,Polemonium_caucasicum
54.615018,40.703193,1697625574,Polemonium_caucasicum
69.05531,76.84884,1697277496,Polemonium_caucasicum
62.244977,25.746254,1599173111,Polemonium_caucasicum
61.37,-133.03,1988107289,Polemonium_caucasicum
59.755,8.7873,1324014552,Polemonium_caucasicum
54.613601,40.70166,1697625595,Polemonium_caucasicum
61.142462,26.987562,1599173054,Polemonium_caucasicum
62.030614,23.652659,1599173232,Polemonium_caucasicum
62.326698,26.774799,360095385,Polemonium_caucasicum
61.057343,24.31177,1599173210,Polemonium_caucasicum
63.043208,21.55694,1622361519,Polemonium_caucasicum
61.6517,9.5474,1701843836,Polemonium_caucasicum
70.4461,23.785,1701929637,Polemonium_caucasicum
54.859,37.615,1668934019,Polemonium_caucasicum
63.0829,9.099,1701320176,Polemonium_caucasicum
60.56806,27.097197,1599173057,Polemonium_caucasicum
52.15371,90.18634,1697277486,Polemonium_caucasicum
63.7602,9.7399,1701311221,Polemonium_caucasicum
61.091827,25.004098,1599173060,Polemonium_caucasicum
54.706448,40.991542,1697625657,Polemonium_caucasicum
60.90204,26.167859,1599173233,Polemonium_caucasicum
61.2484,10.0454,1702204796,Polemonium_caucasicum
61.326265,24.288746,1599173222,Polemonium_caucasicum
61.1542,10.1427,1702204837,Polemonium_caucasicum
62.4053,9.6482,1701966308,Polemonium_caucasicum
63.5685,-150.8935,441812451,Polemonium_caucasicum
62.7271,11.3279,1701963874,Polemonium_caucasicum
61.691844,24.634795,1599173217,Polemonium_caucasicum
48.17,11.62,2313351057,Polemonium_caucasicum
62.8516,9.8348,187222520,Polemonium_caucasicum
60.486764,22.091894,1999495562,Polemonium_caucasicum
54.671349,40.911884,1697625585,Polemonium_caucasicum
62.8441,9.8346,187221623,Polemonium_caucasicum
62.225278,30.335278,1563138313,Polemonium_caucasicum
56.18335,91.60507,1697277441,Polemonium_caucasicum
56.805334,14.037221,1705361998,Polemonium_caucasicum
43.05332,141.33707,381831594,Polemonium_caucasicum
56.452222,85.025,1434665781,Polemonium_caucasicum
67.1356,14.9654,1323727691,Polemonium_caucasicum
69.1433,17.4543,1323790103,Polemonium_caucasicum
62.53672,9.51846,1144097847,Polemonium_caucasicum
63.7243,9.739,1701302401,Polemonium_caucasicum
61.067254,24.866819,1599173050,Polemonium_caucasicum
54.063067,45.887104,1697625788,Polemonium_caucasicum
61.053533,24.126848,1599173197,Polemonium_caucasicum
60.8891,9.6403,1702268056,Polemonium_caucasicum
63.44507,12.73885,788551566,Polemonium_caucasicum
56.442138,36.8788,1697625713,Polemonium_caucasicum
68.4701,16.917,1323800659,Polemonium_caucasicum
63.18349,14.77202,788555393,Polemonium_caucasicum
44.05913,40.00265,1697823517,Polemonium_caucasicum
63.139995,21.737573,1622361567,Polemonium_caucasicum
61.7657,9.5466,1702204852,Polemonium_caucasicum
62.5705,11.3839,1701279865,Polemonium_caucasicum
62.69266,14.404696,1705329612,Polemonium_caucasicum
54.492525,28.075153,1697625568,Polemonium_caucasicum
61.372,10.2872,1702204896,Polemonium_caucasicum
63.1752,9.7448,187222512,Polemonium_caucasicum
67.2848,14.2922,1323802462,Polemonium_caucasicum
61.957379,24.42358,1599173206,Polemonium_caucasicum
68.9944,15.4499,1323785664,Polemonium_caucasicum
62.491408,24.183512,1599173203,Polemonium_caucasicum
70.344,21.4395,1323785668,Polemonium_caucasicum
61.070051,25.051918,1599173192,Polemonium_caucasicum
60.917665,26.655839,1599173091,Polemonium_caucasicum
60.872565,21.829733,1999495537,Polemonium_caucasicum
61.73973,6.18986,1144097860,Polemonium_caucasicum
61.078762,28.201322,1599173200,Polemonium_caucasicum
61.240209,24.482492,1599173196,Polemonium_caucasicum
70.23,22.3617,1323785711,Polemonium_caucasicum
70.2552,22.3554,1323785701,Polemonium_caucasicum
63.132517,21.540172,1599173194,Polemonium_caucasicum
66.090329,24.67522,1599173064,Polemonium_caucasicum
62.417801,24.8388,57713429,Polemonium_caucasicum
69.3573,18.0507,1702030713,Polemonium_caucasicum
68.5167,14.7186,187222007,Polemonium_caucasicum
60.814835,26.905133,1599173109,Polemonium_caucasicum
61.1825,8.1725,1702204814,Polemonium_caucasicum
64.022375,24.439513,1599173198,Polemonium_caucasicum
62.86812,11.28687,1701317999,Polemonium_caucasicum
68.5635,16.557,1323802510,Polemonium_caucasicum
68.5573,16.5565,1323849700,Polemonium_caucasicum
61.890894,26.521481,1599173199,Polemonium_caucasicum
69.9723,29.6563,1323785757,Polemonium_caucasicum
33.784801,104.371458,1030796818,Polemonium_caucasicum
59.5571,11.38,1702309740,Polemonium_caucasicum
63.3419,10.4484,1701265593,Polemonium_caucasicum
62.1061,9.6188,1702204866,Polemonium_caucasicum
69.9499,21.8233,1323786159,Polemonium_caucasicum
69.9455,21.81,1323786122,Polemonium_caucasicum
70.0253,21.9968,1323786138,Polemonium_caucasicum
62.0884,9.6549,21278402,Polemonium_caucasicum
69.7193,22.1633,1323786194,Polemonium_caucasicum
62.0657,9.6161,1701843849,Polemonium_caucasicum
69.8666,21.0781,1323785652,Polemonium_caucasicum
61.8731,9.1065,1702007906,Polemonium_caucasicum
63.0294,10.2747,1701339751,Polemonium_caucasicum
69.9324,21.7181,1323786132,Polemonium_caucasicum
43.230039,145.250384,2248102826,Polemonium_caucasicum
60.359155,25.638146,1599173046,Polemonium_caucasicum
69.72228,20.09306,1323785638,Polemonium_caucasicum
70.7239,22.7237,1323850435,Polemonium_caucasicum
60.884864,24.694786,1599173184,Polemonium_caucasicum
62.430059,27.093632,1599173201,Polemonium_caucasicum
60.971243,24.503796,1599173183,Polemonium_caucasicum
59.2471,11.6837,1701673229,Polemonium_caucasicum
53.864346,86.489021,1697277480,Polemonium_caucasicum
60.817501,25.2969,57713444,Polemonium_caucasicum
61.313,24.299101,57713487,Polemonium_caucasicum
63.071365,22.344803,1599173175,Polemonium_caucasicum
61.1684,25.789,57713431,Polemonium_caucasicum
61.260196,24.592629,1599173047,Polemonium_caucasicum
61.0491,7.8056,1702204855,Polemonium_caucasicum
68.6004,14.9877,1323785670,Polemonium_caucasicum
60.684206,24.773116,1599173055,Polemonium_caucasicum
61.7634,9.5494,1702204853,Polemonium_caucasicum
63.395422,14.911794,788542731,Polemonium_caucasicum
68.9872,15.4498,1701262785,Polemonium_caucasicum
63.7244,9.7187,1701768277,Polemonium_caucasicum
61.164669,28.576206,1599173195,Polemonium_caucasicum
59.3654,11.472,1701929751,Polemonium_caucasicum
60.767062,23.418025,1599173193,Polemonium_caucasicum
27.82308,99.706013,919459318,Polemonium_caucasicum
58.9697,5.7038,318232191,Polemonium_caucasicum
59.923,10.6636,1701584355,Polemonium_caucasicum
61.610765,25.206528,1599173048,Polemonium_caucasicum
62.878659,26.898528,1599173228,Polemonium_caucasicum
60.813314,26.353911,1599173229,Polemonium_caucasicum
60.803204,21.445127,1999495509,Polemonium_caucasicum
59.3651,11.4896,1702427365,Polemonium_caucasicum
53.023,158.763289,1697277344,Polemonium_caucasicum
59.5642,10.9556,1702309673,Polemonium_caucasicum
69.3201,18.881,1323785807,Polemonium_caucasicum
69.9191,21.8012,1701760703,Polemonium_caucasicum
61.336286,24.848539,1599173185,Polemonium_caucasicum
62.5983,11.5029,1701302669,Polemonium_caucasicum
60.366813,22.255223,1999572384,Polemonium_caucasicum
69.7098,22.2403,1701294601,Polemonium_caucasicum
68.80261,16.4454,1323785938,Polemonium_caucasicum
58.75216,94.5938,1697315844,Polemonium_caucasicum
63.249142,14.562627,788540760,Polemonium_caucasicum
56.001689,13.616965,788534777,Polemonium_caucasicum
57.622611,159.283905,1697277407,Polemonium_caucasicum
60.803,10.9019,1702212486,Polemonium_caucasicum
60.49598,92.55196,1697277491,Polemonium_caucasicum
63.9846,11.1049,1701334642,Polemonium_caucasicum
60.47915,92.54654,1697277440,Polemonium_caucasicum
59.54559,93.45521,1697277470,Polemonium_caucasicum
54.700336,167.728815,1697277376,Polemonium_caucasicum
57.675134,158.795161,1697277388,Polemonium_caucasicum
70.19171,20.82597,187221998,Polemonium_caucasicum
60.803501,25.251699,57713446,Polemonium_caucasicum
52.943621,56.27697,1697625874,Polemonium_caucasicum
61.794669,28.418774,1999638737,Polemonium_caucasicum
60.904323,26.720603,1599173105,Polemonium_caucasicum
57.985206,57.768495,1697625799,Polemonium_caucasicum
61.5158,9.936,1702204797,Polemonium_caucasicum
63.7245,9.6985,1701264198,Polemonium_caucasicum
61.412035,24.093936,1599173190,Polemonium_caucasicum
61.5846,9.9164,1701843899,Polemonium_caucasicum
60.982895,25.242026,1948359442,Polemonium_caucasicum
63.3963,10.3911,1701262988,Polemonium_caucasicum
61.26467,9.83971,1701843952,Polemonium_caucasicum
53.146831,58.612468,1697625819,Polemonium_caucasicum
61.150555,24.489639,1599173177,Polemonium_caucasicum
68.617302,27.6099,57713489,Polemonium_caucasicum
42.880744,77.45636,1799040569,Polemonium_caucasicum
67.6666,12.7003,186828483,Polemonium_caucasicum
69.9659,23.132,1323785673,Polemonium_caucasicum
61.754,17.05999,788535360,Polemonium_caucasicum
60.435759,22.172382,1999495539,Polemonium_caucasicum
63.586102,25.2845,57713493,Polemonium_caucasicum
67.132401,20.659397,1705284772,Polemonium_caucasicum
51.843954,45.215914,1697625775,Polemonium_caucasicum
55.92004,92.26117,1697277500,Polemonium_caucasicum
55.943946,58.910145,1697625789,Polemonium_caucasicum
53.999674,41.874769,1697625617,Polemonium_caucasicum
54.019469,41.736374,1697625551,Polemonium_caucasicum
53.855854,41.81215,1697625594,Polemonium_caucasicum
55.542476,58.240584,1697625812,Polemonium_caucasicum
63.1325,21.540001,57713454,Polemonium_caucasicum
55.992825,55.989598,1697625782,Polemonium_caucasicum
57.69422,14.98373,969608,Polemonium_caucasicum
64.3247,10.4481,187221627,Polemonium_caucasicum
42.524558,44.226666,1697823515,Polemonium_caucasicum
49.26,11.64,2313062592,Polemonium_caucasicum
62.246601,25.9384,177286072,Polemonium_caucasicum
61.3848,9.6148,1702204792,Polemonium_caucasicum
68.833,26,2284207542,Polemonium_caucasicum
49.74,6.21,1891596420,Polemonium_caucasicum
62.231797,21.511309,1622361591,Polemonium_caucasicum
64.9648,13.5493,1701264260,Polemonium_caucasicum
63.3085,10.1673,1701959884,Polemonium_caucasicum
60.728875,114.982132,1697277371,Polemonium_caucasicum
63.0951,23.1341,57713448,Polemonium_caucasicum
63.171722,18.573076,1705318545,Polemonium_caucasicum
63.6438,9.1312,1701228362,Polemonium_caucasicum
63.409,25.4953,360095383,Polemonium_caucasicum
42.549097,44.159031,1697823558,Polemonium_caucasicum
61.587101,23.888901,57713491,Polemonium_caucasicum
62.88824,10.50693,187221633,Polemonium_caucasicum
61.333199,24.661699,57713436,Polemonium_caucasicum
42.508552,44.266491,1697823530,Polemonium_caucasicum
62.7691,29.846201,57713427,Polemonium_caucasicum
61.076988,28.386546,1599173102,Polemonium_caucasicum
65.66035,-18.08152,39496246,Polemonium_caucasicum
70.1613,22.9144,1323785705,Polemonium_caucasicum
56.586518,12.949858,1705320490,Polemonium_caucasicum
60.476078,22.293889,1999495554,Polemonium_caucasicum
61.27,22.71,1705498939,Polemonium_caucasicum
60.705517,24.707646,1599173230,Polemonium_caucasicum
63.214041,21.3254,1622361720,Polemonium_caucasicum
56.826825,15.723337,1705382887,Polemonium_caucasicum
62.209762,23.632821,1599173049,Polemonium_caucasicum
63.4683,23.6861,57713485,Polemonium_caucasicum
63.179207,14.520052,1705262193,Polemonium_caucasicum
64.2409,12.37,1701281439,Polemonium_caucasicum
62.652709,23.387358,1948540524,Polemonium_caucasicum
55.62233,13.12635,788534660,Polemonium_caucasicum
68.1838,15.6631,1323802454,Polemonium_caucasicum
60.545354,27.270362,1599173187,Polemonium_caucasicum
60.380375,23.94134,1999495606,Polemonium_caucasicum
64.5209,12.4578,1701959967,Polemonium_caucasicum
46.969375,142.849339,1697277375,Polemonium_caucasicum
63.053902,25.9091,216101819,Polemonium_caucasicum
62.328601,21.687022,1948540385,Polemonium_caucasicum
63.231715,28.289814,1599173207,Polemonium_caucasicum
60.814579,26.721387,1599173104,Polemonium_caucasicum
62.22405,9.55111,1563139773,Polemonium_caucasicum
56.76013,83.58608,1697277552,Polemonium_caucasicum
62.043312,24.225074,1599173189,Polemonium_caucasicum
60.8235,11.3078,186828443,Polemonium_caucasicum
60.170379,24.92525,1599173045,Polemonium_caucasicum
50.08,5.9,1891595094,Polemonium_caucasicum
54.65458,-2.606,1887142350,Polemonium_caucasicum
50.06,5.88,1891593392,Polemonium_caucasicum
42.52112,44.195321,1697823624,Polemonium_caucasicum
60.486095,22.073772,1999583456,Polemonium_caucasicum
63.327469,14.3033,788540411,Polemonium_caucasicum
60.278893,12.763205,788538206,Polemonium_caucasicum
65.545,-14.117,39496245,Polemonium_caucasicum
61.170009,28.018962,1599173186,Polemonium_caucasicum
60.501432,22.7823,1999495498,Polemonium_caucasicum
62.238499,25.169201,177286071,Polemonium_caucasicum
59.38996,18.01397,788537568,Polemonium_caucasicum
56.708878,16.360374,1705310764,Polemonium_caucasicum
58.1451,8.0012,186827891,Polemonium_caucasicum
61.146999,24.304001,177286073,Polemonium_caucasicum
62.76578,9.87211,187221618,Polemonium_caucasicum
62.8575,9.8546,1701774310,Polemonium_caucasicum
61.341702,25.2218,57713498,Polemonium_caucasicum
69.7188,30.0394,1701568392,Polemonium_caucasicum
61.079406,26.746724,1599173043,Polemonium_caucasicum
56.74633,14.89977,969694,Polemonium_caucasicum
57.009644,15.10696,1705350733,Polemonium_caucasicum
68.0393,15.4193,1323843172,Polemonium_caucasicum
68.041,15.4194,1323802484,Polemonium_caucasicum
62.662368,30.216851,1599173172,Polemonium_caucasicum
62.1265,9.255,1702204858,Polemonium_caucasicum
56.744638,14.914524,1705465307,Polemonium_caucasicum
63.19019,14.48766,1273861513,Polemonium_caucasicum
63.050657,21.753743,1622361584,Polemonium_caucasicum
63.17229,14.5289,1273861757,Polemonium_caucasicum
57.487548,13.346996,1099922704,Polemonium_caucasicum
67.44521,86.63703,1697277461,Polemonium_caucasicum
68.71773,17.73805,1323785622,Polemonium_caucasicum
67.45103,86.65935,1697277442,Polemonium_caucasicum
63.246023,14.412876,788540988,Polemonium_caucasicum
61.886147,25.760956,1599173213,Polemonium_caucasicum
46.75,9.5,1099072455,Polemonium_caucasicum
56.163425,37.089211,1697625659,Polemonium_caucasicum
64.2551,12.41,1701243196,Polemonium_caucasicum
62.449,9.5716,1701567069,Polemonium_caucasicum
64.2055,12.157,1701318919,Polemonium_caucasicum
54.855,37.623,1668935458,Polemonium_caucasicum
54.859186,37.55752,1697625649,Polemonium_caucasicum
56.93774,14.58704,788574231,Polemonium_caucasicum
66.3596,12.3511,1323802475,Polemonium_caucasicum
69.95,21.7971,1323786231,Polemonium_caucasicum
54.08,-2.16,2305398032,Polemonium_caucasicum
63.235889,25.673494,57713480,Polemonium_caucasicum
60.70078,10.26106,1702204832,Polemonium_caucasicum
62.6325,9.6824,1701568576,Polemonium_caucasicum
53.995072,-1.798562,1055571913,Polemonium_caucasicum
54.88,37.566,1668934958,Polemonium_caucasicum
62.2036,7.4431,1702168099,Polemonium_caucasicum
56.523927,37.703836,1697625658,Polemonium_caucasicum
55.745472,36.489361,1697625672,Polemonium_caucasicum
57.6672,14.971461,969692,Polemonium_caucasicum
67.48024,86.52913,1697277453,Polemonium_caucasicum
69.94468,23.06692,1563139632,Polemonium_caucasicum
63.4725,9.8328,1701768618,Polemonium_caucasicum
67.90556,15.80054,1144097898,Polemonium_caucasicum
62.815386,22.778273,1948540379,Polemonium_caucasicum
68.5881,15.4295,1323802491,Polemonium_caucasicum
68.8757,14.913,1323802522,Polemonium_caucasicum
63.053959,25.909174,57713478,Polemonium_caucasicum
54.856113,37.549287,1697625643,Polemonium_caucasicum
63.14754,27.294282,1599173168,Polemonium_caucasicum
65.6415,12.3594,1701959903,Polemonium_caucasicum
67.209139,23.385334,1705465029,Polemonium_caucasicum
55.656214,35.408711,1697625654,Polemonium_caucasicum
59.81773,12.014204,788542621,Polemonium_caucasicum
63.110301,14.730823,788541919,Polemonium_caucasicum
62.306991,9.606095,1563138615,Polemonium_caucasicum
58.197903,15.995409,788731696,Polemonium_caucasicum
59.00982,15.39839,788537800,Polemonium_caucasicum
61.4603,10.3509,1702204789,Polemonium_caucasicum
49.08,12.47,2313064485,Polemonium_caucasicum
61.3152,10.311,1702204710,Polemonium_caucasicum
66.8272,13.4171,187222009,Polemonium_caucasicum
49.08,12.43,2313063158,Polemonium_caucasicum
63.40321,12.82185,788534951,Polemonium_caucasicum
68.72475,16.01402,1701311889,Polemonium_caucasicum
56.264229,13.050234,1705427395,Polemonium_caucasicum
59.4122,11.3697,1702427322,Polemonium_caucasicum
61.711975,27.280514,1599173044,Polemonium_caucasicum
60.8359,9.9078,1701632075,Polemonium_caucasicum
62.609504,27.094196,1599173094,Polemonium_caucasicum
59.7198,10.369,1701830096,Polemonium_caucasicum
60.3937,10.5015,1701843873,Polemonium_caucasicum
61.13415,10.39176,1702204859,Polemonium_caucasicum
58.97009,5.71814,1144097873,Polemonium_caucasicum
58.7391,5.6479,1701631814,Polemonium_caucasicum
60.437698,22.226601,57713451,Polemonium_caucasicum
69.3034,18.9841,1323785777,Polemonium_caucasicum
57.704499,11.965181,788534075,Polemonium_caucasicum
57.03839,14.57692,969708,Polemonium_caucasicum
63.749802,24.261299,57713496,Polemonium_caucasicum
64.2114,12.2285,1701243181,Polemonium_caucasicum
64.19471,12.60549,1323785692,Polemonium_caucasicum
59.38589,18.05772,788648894,Polemonium_caucasicum
58.88222,5.85054,1144097884,Polemonium_caucasicum
64.190972,20.852084,1705327602,Polemonium_caucasicum
48.19,11.63,2313350973,Polemonium_caucasicum
69.2852,16.0133,1323802500,Polemonium_caucasicum
63.055302,26.1068,360095407,Polemonium_caucasicum
69.0529,15.8647,1323802498,Polemonium_caucasicum
61.4546,10.1912,21278109,Polemonium_caucasicum
70.035,22.9816,1323785672,Polemonium_caucasicum
57.6672,14.971459,1705298143,Polemonium_caucasicum
69.0182,15.5881,1323802432,Polemonium_caucasicum
70.0484,22.9828,1323802035,Polemonium_caucasicum
63.4141,10.412,187222038,Polemonium_caucasicum
60.7028,11.3368,1702219450,Polemonium_caucasicum
56.877485,14.811873,969643,Polemonium_caucasicum
56.39664,14.6234,969592,Polemonium_caucasicum
58.284393,46.246412,1697625700,Polemonium_caucasicum
63.774918,26.489843,1599173033,Polemonium_caucasicum
45.09271,-64.36132,465868592,Polemonium_caucasicum
61.879919,28.802997,1599173039,Polemonium_caucasicum
47.35,-70,668791845,Polemonium_caucasicum
61.2459,10.4544,1701413662,Polemonium_caucasicum
61.711458,27.469571,1599173169,Polemonium_caucasicum
61.622497,27.091186,1599173170,Polemonium_caucasicum
62.5768,9.3795,1701265534,Polemonium_caucasicum
60.98132,10.78957,1323785687,Polemonium_caucasicum
59.36755,18.14587,788538091,Polemonium_caucasicum
61.800407,27.660539,1599173041,Polemonium_caucasicum
40.864591,-73.877952,1931172358,Polemonium_caucasicum
56.01986,12.798058,788534601,Polemonium_caucasicum
55.854956,35.865435,1697625634,Polemonium_caucasicum
60.446663,22.225358,1999495569,Polemonium_caucasicum
61.336391,29.145377,1599173174,Polemonium_caucasicum
46.5325,9.836389,788750849,Polemonium_caucasicum
61.673333,31.165556,1563135596,Polemonium_caucasicum
69.02943,17.64963,1323785853,Polemonium_caucasicum
62.244999,25.746099,239018024,Polemonium_caucasicum
62.063778,28.431307,1599173032,Polemonium_caucasicum
61.4672,9.4232,1702204756,Polemonium_caucasicum
63.392857,12.928712,1705419733,Polemonium_caucasicum
62.249581,25.755545,1599173031,Polemonium_caucasicum
62.586,9.3017,1701223306,Polemonium_caucasicum
62.224071,21.319938,1599169963,Polemonium_caucasicum
62.158245,27.860176,1599169986,Polemonium_caucasicum
61.236626,24.29647,1599173155,Polemonium_caucasicum
63.110024,16.371055,788532617,Polemonium_caucasicum
61.173784,22.069128,1599173161,Polemonium_caucasicum
59.624959,112.759448,1697277374,Polemonium_caucasicum
60.8105,10.5679,1702204798,Polemonium_caucasicum
63.580888,29.111235,1599169971,Polemonium_caucasicum
67.852012,20.232967,1705260728,Polemonium_caucasicum
69.7859,20.9481,1701263872,Polemonium_caucasicum
61.080232,25.977888,1599173160,Polemonium_caucasicum
57.616402,11.941282,788534134,Polemonium_caucasicum
56.20409,15.67172,969861,Polemonium_caucasicum
50.75,88.416667,1697277509,Polemonium_caucasicum
60.6224,10.7826,1702204842,Polemonium_caucasicum
61.109291,22.822272,1599173163,Polemonium_caucasicum
68.4681,16.6848,187222017,Polemonium_caucasicum
62.9712,15.16753,788532560,Polemonium_caucasicum
60.62736,10.91732,1144097855,Polemonium_caucasicum
60.6965,10.8472,1702204794,Polemonium_caucasicum
63.463606,14.006884,788542325,Polemonium_caucasicum
63.808287,16.420002,1705289074,Polemonium_caucasicum
66.5513,25.7579,216101787,Polemonium_caucasicum
60.559292,15.494168,788538098,Polemonium_caucasicum
60.451904,15.475049,788538041,Polemonium_caucasicum
56.205703,14.048932,788535242,Polemonium_caucasicum
56.048847,37.492599,1697625627,Polemonium_caucasicum
66.735191,27.336486,1999608891,Polemonium_caucasicum
59.3801,11.305,1702227932,Polemonium_caucasicum
57.42098,15.28505,969642,Polemonium_caucasicum
60.403758,15.183366,1705310733,Polemonium_caucasicum
62.5489,9.1069,1701294540,Polemonium_caucasicum
68.83792,17.11835,1323785977,Polemonium_caucasicum
70.1028,18.4984,1323786087,Polemonium_caucasicum
69.53059,21.47856,1701845505,Polemonium_caucasicum
63.312867,13.326205,1705426603,Polemonium_caucasicum
61.431381,25.216838,1948540421,Polemonium_caucasicum
61.074884,25.422222,1948240580,Polemonium_caucasicum
62.238565,25.169345,1999495540,Polemonium_caucasicum
62.747156,23.571672,1948540484,Polemonium_caucasicum
63.41469,15.60108,788528978,Polemonium_caucasicum
70.0182,19.8856,1323786061,Polemonium_caucasicum
56.761357,38.717661,1697625730,Polemonium_caucasicum
61.25855,11.44005,1144097863,Polemonium_caucasicum
61.260968,26.158381,1599169965,Polemonium_caucasicum
70.0003,19.8866,1323786019,Polemonium_caucasicum
61.437675,28.214964,57713472,Polemonium_caucasicum
56.18529,15.59863,969625,Polemonium_caucasicum
63.147199,21.935088,1599173159,Polemonium_caucasicum
58.724598,60.420439,1978367165,Polemonium_caucasicum
61.146985,24.304145,1599173153,Polemonium_caucasicum
62.2189,9.574,1702204848,Polemonium_caucasicum
61.886207,28.232843,1599173165,Polemonium_caucasicum
60.53512,15.20728,788537983,Polemonium_caucasicum
68.5031,16.773,1323802476,Polemonium_caucasicum
52.4,100.7,1697277443,Polemonium_caucasicum
68.5858,16.5709,1701959695,Polemonium_caucasicum
62.940121,161.533445,1697277419,Polemonium_caucasicum
70.143,18.714,1323785958,Polemonium_caucasicum
61.80353,11.14554,1144097853,Polemonium_caucasicum
55.429296,13.818618,788540829,Polemonium_caucasicum
56.666683,38.972865,1697625648,Polemonium_caucasicum
58.156735,54.626472,1697625777,Polemonium_caucasicum
67.955278,23.684444,1563137633,Polemonium_caucasicum
43.763114,40.417264,1697823564,Polemonium_caucasicum
65.4149,12.5008,1323802508,Polemonium_caucasicum
60.43385,15.49786,788537683,Polemonium_caucasicum
60.92586,8.46534,1144097876,Polemonium_caucasicum
61.1802,8.1632,21278377,Polemonium_caucasicum
56.428162,13.310137,1705330888,Polemonium_caucasicum
61.6182,8.9623,1701794921,Polemonium_caucasicum
62.340072,27.286353,1599169982,Polemonium_caucasicum
59.34079,18.16722,788537511,Polemonium_caucasicum
62.657595,23.582038,1599173157,Polemonium_caucasicum
69.14767,17.27317,1323785658,Polemonium_caucasicum
69.8083,20.987,1701965575,Polemonium_caucasicum
69.4981,17.29085,1323785803,Polemonium_caucasicum
61.801693,26.712485,1599173154,Polemonium_caucasicum
61.162379,28.761899,1999638801,Polemonium_caucasicum
60.881584,24.510806,1999638804,Polemonium_caucasicum
69.35748,16.91825,1323785595,Polemonium_caucasicum
62.068485,26.136122,1599173208,Polemonium_caucasicum
62.063708,25.562456,1599173158,Polemonium_caucasicum
63.20562,17.23234,788541408,Polemonium_caucasicum
70.0351,22.9684,1701719924,Polemonium_caucasicum
60.698756,24.341777,1599169969,Polemonium_caucasicum
62.23926,21.70279,1948540368,Polemonium_caucasicum
55.40292,118.28676,1697277434,Polemonium_caucasicum
60.966122,21.361241,1999495514,Polemonium_caucasicum
56.959236,13.076132,788533957,Polemonium_caucasicum
60.43395,10.53107,21278335,Polemonium_caucasicum
59.2617,5.13337,1144097875,Polemonium_caucasicum
63.29955,9.71096,1144190877,Polemonium_caucasicum
60.7552,7.11,1701843852,Polemonium_caucasicum
60.4479,11.0176,1701768624,Polemonium_caucasicum
56.512277,13.039593,1705296314,Polemonium_caucasicum
62.226318,24.40053,57713474,Polemonium_caucasicum
57.155904,46.729193,1697625729,Polemonium_caucasicum
53.995958,39.064593,1697625582,Polemonium_caucasicum
60.8704,7.1033,1702204788,Polemonium_caucasicum
68.383889,23.633333,1563135779,Polemonium_caucasicum
64.836813,14.083857,1705277336,Polemonium_caucasicum
61.383449,22.97301,1599169967,Polemonium_caucasicum
49.31227,28.480826,1697625855,Polemonium_caucasicum
63.313,10.1775,1701306623,Polemonium_caucasicum
49.197691,28.724718,1697625781,Polemonium_caucasicum
63.17029,14.58153,788525087,Polemonium_caucasicum
65.8516,13.2364,1323802460,Polemonium_caucasicum
70.17806,28.61335,1563134354,Polemonium_caucasicum
59.7633,11.1453,1701338820,Polemonium_caucasicum
62.32433,9.59877,1563139725,Polemonium_caucasicum
54.886711,44.764763,1697625780,Polemonium_caucasicum
51.189751,37.641349,1697625739,Polemonium_caucasicum
52.579077,33.766073,1697625492,Polemonium_caucasicum
62.621269,57.196075,1697625499,Polemonium_caucasicum
64.8206,57.81634,1697625453,Polemonium_caucasicum
55.646424,13.27069,788535301,Polemonium_caucasicum
63.3129,13.35145,788540353,Polemonium_caucasicum
62.783199,25.7232,57713482,Polemonium_caucasicum
60.328327,23.828484,57713476,Polemonium_caucasicum
64.999436,58.153438,1697625521,Polemonium_caucasicum
59.2914,11.0803,1702309639,Polemonium_caucasicum
63.327516,13.386188,1099898362,Polemonium_caucasicum
61.76479,9.55763,21277794,Polemonium_caucasicum
57.312053,15.291632,1705416873,Polemonium_caucasicum
55.832241,37.384992,1697625699,Polemonium_caucasicum
55.323587,38.687841,1697625645,Polemonium_caucasicum
59.28383,14.69398,788538033,Polemonium_caucasicum
61.433705,25.404127,1599173149,Polemonium_caucasicum
67.962767,23.669533,1563137716,Polemonium_caucasicum
70.2265,19.4916,1323785921,Polemonium_caucasicum
62.633589,57.422518,1697625501,Polemonium_caucasicum
62.330737,28.636974,1599173151,Polemonium_caucasicum
55.58285,12.92779,788540715,Polemonium_caucasicum
60.70697,6.41003,1144097879,Polemonium_caucasicum
61.02791,7.64223,1144097892,Polemonium_caucasicum
60.6802,6.6822,1701843909,Polemonium_caucasicum
58.408928,15.641476,1705273511,Polemonium_caucasicum
60.544102,27.6346,57713450,Polemonium_caucasicum
64.649597,24.380301,216101830,Polemonium_caucasicum
43.06894,43.44294,1697823566,Polemonium_caucasicum
55.82407,13.51884,788532461,Polemonium_caucasicum
63.327,27.2959,57713458,Polemonium_caucasicum
60.277594,15.991632,788535417,Polemonium_caucasicum
57.722234,12.939297,1705364133,Polemonium_caucasicum
49.57,11.46,1882008581,Polemonium_caucasicum
61.478388,23.148623,1599173142,Polemonium_caucasicum
62.4807,10.3871,1701332712,Polemonium_caucasicum
62.2881,10.7445,1701265217,Polemonium_caucasicum
63.154128,22.132711,1622361564,Polemonium_caucasicum
61.56336,10.29904,21278384,Polemonium_caucasicum
66.87726,15.63325,1144097907,Polemonium_caucasicum
55.931157,13.54973,788534717,Polemonium_caucasicum
61.55842,16.34775,788537575,Polemonium_caucasicum
62.689401,25.336862,1599169962,Polemonium_caucasicum
66.003979,29.089332,1999655629,Polemonium_caucasicum
57.77184,14.17784,969566,Polemonium_caucasicum
61.7375,9.1618,1702007847,Polemonium_caucasicum
56.184187,36.971712,1697625675,Polemonium_caucasicum
62.574947,17.098404,788534836,Polemonium_caucasicum
63.317693,14.8146,788528396,Polemonium_caucasicum
62.6894,25.3367,57713441,Polemonium_caucasicum
56.012372,37.854959,1697625703,Polemonium_caucasicum
68.706963,27.612638,1999589525,Polemonium_caucasicum
62.37732,16.838322,1705442859,Polemonium_caucasicum
56.2146,15.63831,969624,Polemonium_caucasicum
56.11132,13.74312,788535010,Polemonium_caucasicum
57.566303,16.132233,969644,Polemonium_caucasicum
56.10468,13.9805,788720041,Polemonium_caucasicum
72.373887,52.716522,1697625863,Polemonium_caucasicum
52.721219,41.452274,1697625718,Polemonium_caucasicum
55.970947,37.504528,1697625578,Polemonium_caucasicum
70.8013,24.5881,1702426945,Polemonium_caucasicum
70.399,23.6316,1701929584,Polemonium_caucasicum
60.8381,8.5401,1701569666,Polemonium_caucasicum
63.20391,17.51152,1273866017,Polemonium_caucasicum
67.2692,14.4318,1701969898,Polemonium_caucasicum
60.2384,6.93058,1701843886,Polemonium_caucasicum
61.493099,23.7104,57713434,Polemonium_caucasicum
59.51354,10.22705,1144097842,Polemonium_caucasicum
63.67345,15.03838,788532502,Polemonium_caucasicum
63.39243,12.93046,788525202,Polemonium_caucasicum
56.73782,14.54113,969689,Polemonium_caucasicum
63.392434,12.930456,1705373318,Polemonium_caucasicum
62.3067,9.6075,1701265504,Polemonium_caucasicum
70.8008,23.0847,1702426950,Polemonium_caucasicum
61.7725,9.5344,1701843895,Polemonium_caucasicum
56.673882,16.082547,1705282020,Polemonium_caucasicum
63.841,11.3891,1701568293,Polemonium_caucasicum
59.42864,10.32489,1144097883,Polemonium_caucasicum
61.3834,22.972799,57713442,Polemonium_caucasicum
56.10216,95.88132,1697277475,Polemonium_caucasicum
56.852499,35.671875,1697625525,Polemonium_caucasicum
52.348617,40.0463,1697625720,Polemonium_caucasicum
59.711033,14.171525,788537633,Polemonium_caucasicum
56.79367,74.36314,1697277462,Polemonium_caucasicum
60.464862,22.359362,1999495519,Polemonium_caucasicum
71.1145,27.6366,1702426932,Polemonium_caucasicum
63.24758,14.5399,788525613,Polemonium_caucasicum
50.609567,10.06275,1288095801,Polemonium_caucasicum
55.593153,13.010503,1705373319,Polemonium_caucasicum
48.17,11.37,2313350835,Polemonium_caucasicum
55.527169,37.618862,1697625677,Polemonium_caucasicum
49.19,11.52,2313062983,Polemonium_caucasicum
70.2245,22.3772,1702426848,Polemonium_caucasicum
56.647951,14.370672,1705335075,Polemonium_caucasicum
64.111,11.3507,1701339788,Polemonium_caucasicum
49.17,11.54,2313062509,Polemonium_caucasicum
70.0093,19.8861,1323786024,Polemonium_caucasicum
70.9386,24.1458,21279989,Polemonium_caucasicum
70.21598,19.3421,1144097941,Polemonium_caucasicum
56.748649,14.546646,1705379393,Polemonium_caucasicum
55.272868,41.877277,1697625527,Polemonium_caucasicum
49.52,11.37,1882008655,Polemonium_caucasicum
68.87469,17.8118,1323785634,Polemonium_caucasicum
61.7539,9.3097,1702204790,Polemonium_caucasicum
60.2255,5.1476,1144097872,Polemonium_caucasicum
65.342289,21.166956,1705297890,Polemonium_caucasicum
69.43399,17.96849,1323785637,Polemonium_caucasicum
63.6046,10.9961,187222033,Polemonium_caucasicum
60.458421,22.178232,1999608886,Polemonium_caucasicum
58.21815,41.97099,1697625679,Polemonium_caucasicum
59.121124,15.154647,788537859,Polemonium_caucasicum
60.722608,27.821528,1599173147,Polemonium_caucasicum
70.1424,23.005,1702426925,Polemonium_caucasicum
60.846308,23.040871,1599173103,Polemonium_caucasicum
58.445768,11.375182,788534485,Polemonium_caucasicum
48.18,11.63,2313350187,Polemonium_caucasicum
63,23.815833,788547878,Polemonium_caucasicum
61.139099,23.9331,57713455,Polemonium_caucasicum
58.32463,14.70319,1990858250,Polemonium_caucasicum
68.39269,15.64125,1701302385,Polemonium_caucasicum
58.19544,15.9782,1099879007,Polemonium_caucasicum
55.334482,41.620656,1697625548,Polemonium_caucasicum
61.2923,10.4024,1702204812,Polemonium_caucasicum
60.70708,8.32154,1144097901,Polemonium_caucasicum
62.68943,25.336714,57713506,Polemonium_caucasicum
61.828305,16.072574,788540525,Polemonium_caucasicum
62.232899,24.7847,57713464,Polemonium_caucasicum
61.981098,26.7106,57713465,Polemonium_caucasicum
60.257122,24.739081,1622361641,Polemonium_caucasicum
62.249023,27.670333,1599173140,Polemonium_caucasicum
69.7024,29.3898,1702426964,Polemonium_caucasicum
61.711944,30.702778,1563137567,Polemonium_caucasicum
59.877027,14.997996,788537742,Polemonium_caucasicum
69.937,21.6922,1323786174,Polemonium_caucasicum
66.3683,12.339,1323802514,Polemonium_caucasicum
60.8388,9.9364,1702204783,Polemonium_caucasicum
60.95088,9.95958,1701843800,Polemonium_caucasicum
63.141031,14.730777,1705269543,Polemonium_caucasicum
55.850673,13.658844,788526134,Polemonium_caucasicum
58.270577,15.739245,1705336235,Polemonium_caucasicum
61.415902,24.28097,1599173141,Polemonium_caucasicum
61.798062,28.039697,1599173146,Polemonium_caucasicum
61.152375,21.514117,1599173145,Polemonium_caucasicum
66.713611,27.429167,1563137623,Polemonium_caucasicum
61.463611,24.071944,1563137575,Polemonium_caucasicum
60.801667,25.728889,1563137584,Polemonium_caucasicum
56.13037,14.24832,788526017,Polemonium_caucasicum
71.11,27.6365,1701929576,Polemonium_caucasicum
58.384498,13.65509,788534427,Polemonium_caucasicum
62.5501,12.51915,788528224,Polemonium_caucasicum
53.045533,158.332389,1697277391,Polemonium_caucasicum
62.415673,16.580565,788527644,Polemonium_caucasicum
63.243745,17.20138,788525144,Polemonium_caucasicum
64.163741,17.35472,788537286,Polemonium_caucasicum
53.124739,157.928858,1697277455,Polemonium_caucasicum
60.589852,15.059224,1705356730,Polemonium_caucasicum
62.541685,12.549637,1705322702,Polemonium_caucasicum
62.56758,24.211268,1599173231,Polemonium_caucasicum
63.19484,14.52673,788542267,Polemonium_caucasicum
62.2377,9.5879,1702204876,Polemonium_caucasicum
62.89954,15.125011,1705413706,Polemonium_caucasicum
61.4931,9.7559,1702204827,Polemonium_caucasicum
55.947055,13.45119,788765445,Polemonium_caucasicum
68.61687,17.04127,1323785656,Polemonium_caucasicum
57.785688,14.140848,1705421174,Polemonium_caucasicum
58.064187,13.663732,788534308,Polemonium_caucasicum
58.1521,7.9764,186827888,Polemonium_caucasicum
40.862289,-73.877023,1930055764,Polemonium_caucasicum
62.408309,17.206892,788542497,Polemonium_caucasicum
63.3174,10.1876,187222056,Polemonium_caucasicum
63.4232,10.3924,1701327391,Polemonium_caucasicum
62.877035,27.684615,1599169957,Polemonium_caucasicum
62.42283,16.603376,1705424320,Polemonium_caucasicum
68.8739,14.9627,1323802518,Polemonium_caucasicum
68.905,27.030278,1563137791,Polemonium_caucasicum
64.112112,29.562035,1599169960,Polemonium_caucasicum
62.247962,27.862732,1599173135,Polemonium_caucasicum
59.81757,17.7762,1042830088,Polemonium_caucasicum
59.85271,17.63068,1042830411,Polemonium_caucasicum
62.4279,9.61,1701298785,Polemonium_caucasicum
70.2872,25.1137,1701720001,Polemonium_caucasicum
62.42283,16.60338,788529037,Polemonium_caucasicum
61.622242,27.279701,1599169947,Polemonium_caucasicum
57.75361,14.99228,969865,Polemonium_caucasicum
69.9264,23.0627,1702426966,Polemonium_caucasicum
61.497517,23.898058,1599173137,Polemonium_caucasicum
62.448143,17.407217,788542673,Polemonium_caucasicum
48.22,11.54,2313296899,Polemonium_caucasicum
41.18444,-73.13305,415995856,Polemonium_caucasicum
55.998539,13.295304,788535531,Polemonium_caucasicum
69.9615,23.1316,1702426841,Polemonium_caucasicum
56.341222,12.879571,1705295877,Polemonium_caucasicum
68.6523,27.551683,1563137582,Polemonium_caucasicum
67.653333,24.9125,1563138359,Polemonium_caucasicum
70.0486,22.9697,1701499879,Polemonium_caucasicum
63.162354,17.284422,788541336,Polemonium_caucasicum
63.392857,12.928711,788540179,Polemonium_caucasicum
60.3789,5.3461,1702204776,Polemonium_caucasicum
55.60694,13.002764,788526076,Polemonium_caucasicum
55.556993,14.348893,788526362,Polemonium_caucasicum
62.476066,17.315787,788541569,Polemonium_caucasicum
63.665862,14.61787,1705413682,Polemonium_caucasicum
57.337191,18.495801,788534543,Polemonium_caucasicum
63.178648,14.639267,1705291236,Polemonium_caucasicum
60.4468,10.4903,1701843896,Polemonium_caucasicum
60.4372,10.469,1702204881,Polemonium_caucasicum
63.15203,14.35572,788528634,Polemonium_caucasicum
61.949733,24.042912,1599169959,Polemonium_caucasicum
62.195681,9.390097,1563135622,Polemonium_caucasicum
70.5013,23.9807,1701929457,Polemonium_caucasicum
62.1157,9.2817,187222066,Polemonium_caucasicum
57.430961,15.074206,969600,Polemonium_caucasicum
60.193177,20.229199,1599173131,Polemonium_caucasicum
